,KHM,MID,NEO,VOW,WAR,XLN,rare,mythic,uncommon,common,angel,human,zombie,day_int,Price Prediction,actual
0,0,0,0,0,1,0,69,21,102,120,2,17,25,0,228.0,778.72
1,0,0,0,0,1,0,69,21,102,120,2,17,25,1,228.0,942.95
2,0,0,0,0,1,0,69,21,102,120,2,17,25,2,228.0,842.37
3,0,0,0,0,1,0,69,21,102,120,2,17,25,3,228.0,875.03
4,0,0,0,0,1,0,69,21,102,120,2,17,25,4,228.0,829.61
5,0,0,0,0,1,0,69,21,102,120,2,17,25,5,228.0,864.61
6,0,0,0,0,1,0,69,21,102,120,2,17,25,6,228.0,822.31
7,0,0,0,0,1,0,69,21,102,120,2,17,25,7,228.0,785.76
8,0,0,0,0,1,0,69,21,102,120,2,17,25,8,228.0,703.83
9,0,0,0,0,1,0,69,21,102,120,2,17,25,9,228.0,719.73
10,0,0,0,0,1,0,69,21,102,120,2,17,25,10,228.0,588.17
11,0,0,0,0,1,0,69,21,102,120,2,17,25,11,228.0,659.22
12,0,0,0,0,1,0,69,21,102,120,2,17,25,12,228.0,782.15
13,0,0,0,0,1,0,69,21,102,120,2,17,25,13,228.0,779.14
14,0,0,0,0,1,0,69,21,102,120,2,17,25,14,228.0,716.16
15,0,0,0,0,1,0,69,21,102,120,2,17,25,15,228.0,705.2
16,0,0,0,0,1,0,69,21,102,120,2,17,25,16,228.0,867.75
17,0,0,0,0,1,0,69,21,102,120,2,17,25,17,228.0,870.09
18,0,0,0,0,1,0,69,21,102,120,2,17,25,18,228.0,300.24
19,0,0,0,0,1,0,69,21,102,120,2,17,25,19,228.0,298.48
20,0,0,0,0,1,0,69,21,102,120,2,17,25,20,228.0,296.16
21,0,0,0,0,1,0,69,21,102,120,2,17,25,21,228.0,296.34
22,0,0,0,0,1,0,69,21,102,120,2,17,25,22,228.0,294.83
23,0,0,0,0,1,0,69,21,102,120,2,17,25,23,228.0,294.06
24,0,0,0,0,1,0,69,21,102,120,2,17,25,24,228.0,295.38
25,0,0,0,0,1,0,69,21,102,120,2,17,25,25,228.0,294.6
26,0,0,0,0,1,0,69,21,102,120,2,17,25,26,228.0,294.09
27,0,0,0,0,1,0,69,21,102,120,2,17,25,27,228.0,293.15
28,0,0,0,0,1,0,69,21,102,120,2,17,25,28,228.0,292.99
29,0,0,0,0,1,0,69,21,102,120,2,17,25,29,228.0,292.36
30,0,0,0,0,1,0,69,21,102,120,2,17,25,30,228.0,291.91
31,0,0,0,0,1,0,69,21,102,120,2,17,25,31,228.0,290.63
32,0,0,0,0,1,0,69,21,102,120,2,17,25,32,228.0,289.53
33,0,0,0,0,1,0,69,21,102,120,2,17,25,33,228.0,289.73
34,0,0,0,0,1,0,69,21,102,120,2,17,25,34,228.0,288.61
35,0,0,0,0,1,0,69,21,102,120,2,17,25,35,228.0,287.52
36,0,0,0,0,1,0,69,21,102,120,2,17,25,36,228.0,288.17
37,0,0,0,0,1,0,69,21,102,120,2,17,25,37,228.0,288.34
38,0,0,0,0,1,0,69,21,102,120,2,17,25,38,228.0,288.07
39,0,0,0,0,1,0,69,21,102,120,2,17,25,39,228.0,286.72
40,0,0,0,0,1,0,69,21,102,120,2,17,25,40,228.0,285.97
41,0,0,0,0,1,0,69,21,102,120,2,17,25,41,228.0,284.09
42,0,0,0,0,1,0,69,21,102,120,2,17,25,42,228.0,283.68
43,0,0,0,0,1,0,69,21,102,120,2,17,25,43,228.0,283.77
44,0,0,0,0,1,0,69,21,102,120,2,17,25,44,228.0,282.22
45,0,0,0,0,1,0,69,21,102,120,2,17,25,45,228.0,279.98
46,0,0,0,0,1,0,69,21,102,120,2,17,25,46,228.0,277.92
47,0,0,0,0,1,0,69,21,102,120,2,17,25,47,228.0,277.04
48,0,0,0,0,1,0,69,21,102,120,2,17,25,48,228.0,276.36
49,0,0,0,0,1,0,69,21,102,120,2,17,25,49,228.0,276.65
50,0,0,0,0,1,0,69,21,102,120,2,17,25,50,228.0,276.62
51,0,0,0,0,1,0,69,21,102,120,2,17,25,51,228.0,277.4
52,0,0,0,0,1,0,69,21,102,120,2,17,25,52,228.0,274.69
53,0,0,0,0,1,0,69,21,102,120,2,17,25,53,228.0,272.98
54,0,0,0,0,1,0,69,21,102,120,2,17,25,54,228.0,272.5
55,0,0,0,0,1,0,69,21,102,120,2,17,25,55,228.0,271.53
56,0,0,0,0,1,0,69,21,102,120,2,17,25,56,228.0,270.35
57,0,0,0,0,1,0,69,21,102,120,2,17,25,57,228.0,268.01
58,0,0,0,0,1,0,69,21,102,120,2,17,25,58,228.0,265.4
59,0,0,0,0,1,0,69,21,102,120,2,17,25,59,228.0,264.97
60,0,0,0,0,1,0,69,21,102,120,2,17,25,60,228.0,263.96
61,0,0,0,0,1,0,69,21,102,120,2,17,25,61,228.0,262.87
62,0,0,0,0,1,0,69,21,102,120,2,17,25,62,228.0,261.02
63,0,0,0,0,1,0,69,21,102,120,2,17,25,63,228.0,259.04
64,0,0,0,0,1,0,69,21,102,120,2,17,25,64,228.0,258.09
65,0,0,0,0,1,0,69,21,102,120,2,17,25,65,228.0,256.38
66,0,0,0,0,1,0,69,21,102,120,2,17,25,66,228.0,254.05
67,0,0,0,0,1,0,69,21,102,120,2,17,25,67,228.0,253.37
68,0,0,0,0,1,0,69,21,102,120,2,17,25,68,228.0,254.21
69,0,0,0,0,1,0,69,21,102,120,2,17,25,69,228.0,254.04
70,0,0,0,0,1,0,69,21,102,120,2,17,25,70,228.0,255.18
71,0,0,0,0,1,0,69,21,102,120,2,17,25,71,228.0,254.45
72,0,0,0,0,1,0,69,21,102,120,2,17,25,72,228.0,254.27
73,0,0,0,0,1,0,69,21,102,120,2,17,25,73,228.0,252.44
74,0,0,0,0,1,0,69,21,102,120,2,17,25,74,228.0,250.44
75,0,0,0,0,1,0,69,21,102,120,2,17,25,75,228.0,248.29
76,0,0,0,0,1,0,69,21,102,120,2,17,25,76,228.0,247.7
77,0,0,0,0,1,0,69,21,102,120,2,17,25,77,228.0,247.21
78,0,0,0,0,1,0,69,21,102,120,2,17,25,78,228.0,247.86
79,0,0,0,0,1,0,69,21,102,120,2,17,25,79,228.0,245.87
80,0,0,0,0,1,0,69,21,102,120,2,17,25,80,228.0,244.62
81,0,0,0,0,1,0,69,21,102,120,2,17,25,81,228.0,242.59
82,0,0,0,0,1,0,69,21,102,120,2,17,25,82,228.0,241.9
83,0,0,0,0,1,0,69,21,102,120,2,17,25,83,228.0,241.0
84,0,0,0,0,1,0,69,21,102,120,2,17,25,84,228.0,240.51
85,0,0,0,0,1,0,69,21,102,120,2,17,25,85,228.0,240.06
86,0,0,0,0,1,0,69,21,102,120,2,17,25,86,228.0,241.02
87,0,0,0,0,1,0,69,21,102,120,2,17,25,87,228.0,239.97
88,0,0,0,0,1,0,69,21,102,120,2,17,25,88,228.0,239.17
89,0,0,0,0,1,0,69,21,102,120,2,17,25,89,228.0,238.82
90,0,0,0,0,1,0,69,21,102,120,2,17,25,90,228.0,238.65
91,0,0,0,0,1,0,69,21,102,120,2,17,25,91,228.0,238.08
92,0,0,0,0,1,0,69,21,102,120,2,17,25,92,228.0,238.15
93,0,0,0,0,1,0,69,21,102,120,2,17,25,93,228.0,238.16
94,0,0,0,0,1,0,69,21,102,120,2,17,25,94,228.0,235.08
95,0,0,0,0,1,0,69,21,102,120,2,17,25,95,228.0,234.07
96,0,0,0,0,1,0,69,21,102,120,2,17,25,96,228.0,233.24
97,0,0,0,0,1,0,69,21,102,120,2,17,25,97,228.0,232.47
98,0,0,0,0,1,0,69,21,102,120,2,17,25,98,228.0,232.66
99,0,0,0,0,1,0,69,21,102,120,2,17,25,99,228.0,232.47
100,0,0,0,0,1,0,69,21,102,120,2,17,25,100,228.0,231.31
101,0,0,0,0,1,0,69,21,102,120,2,17,25,101,228.0,229.87
102,0,0,0,0,1,0,69,21,102,120,2,17,25,102,228.0,229.36
103,0,0,0,0,1,0,69,21,102,120,2,17,25,103,228.0,228.94
104,0,0,0,0,1,0,69,21,102,120,2,17,25,104,228.0,228.8
105,0,0,0,0,1,0,69,21,102,120,2,17,25,105,228.0,228.89
106,0,0,0,0,1,0,69,21,102,120,2,17,25,106,228.0,228.59
107,0,0,0,0,1,0,69,21,102,120,2,17,25,107,228.0,227.26
108,0,0,0,0,1,0,69,21,102,120,2,17,25,108,228.0,227.17
109,0,0,0,0,1,0,69,21,102,120,2,17,25,109,228.0,227.19
110,0,0,0,0,1,0,69,21,102,120,2,17,25,110,228.0,225.98
111,0,0,0,0,1,0,69,21,102,120,2,17,25,111,228.0,226.0
112,0,0,0,0,1,0,69,21,102,120,2,17,25,112,228.0,224.91
113,0,0,0,0,1,0,69,21,102,120,2,17,25,113,228.0,226.58
114,0,0,0,0,1,0,69,21,102,120,2,17,25,114,228.0,226.73
115,0,0,0,0,1,0,69,21,102,120,2,17,25,115,228.0,229.2
116,0,0,0,0,1,0,69,21,102,120,2,17,25,116,228.0,230.94
117,0,0,0,0,1,0,69,21,102,120,2,17,25,117,228.0,231.53
118,0,0,0,0,1,0,69,21,102,120,2,17,25,118,228.0,232.11
119,0,0,0,0,1,0,69,21,102,120,2,17,25,119,228.0,231.19
120,0,0,0,0,1,0,69,21,102,120,2,17,25,120,228.0,231.51
121,0,0,0,0,1,0,69,21,102,120,2,17,25,121,228.0,231.0
122,0,0,0,0,1,0,69,21,102,120,2,17,25,122,228.0,230.51
123,0,0,0,0,1,0,69,21,102,120,2,17,25,123,228.0,229.95
124,0,0,0,0,1,0,69,21,102,120,2,17,25,124,228.0,229.42
125,0,0,0,0,1,0,69,21,102,120,2,17,25,125,228.0,228.47
126,0,0,0,0,1,0,69,21,102,120,2,17,25,126,228.0,227.6
127,0,0,0,0,1,0,69,21,102,120,2,17,25,127,228.0,227.15
128,0,0,0,0,1,0,69,21,102,120,2,17,25,128,228.0,229.15
129,0,0,0,0,1,0,69,21,102,120,2,17,25,129,228.0,227.74
130,0,0,0,0,1,0,69,21,102,120,2,17,25,130,228.0,227.35
131,0,0,0,0,1,0,69,21,102,120,2,17,25,131,228.0,227.33
132,0,0,0,0,1,0,69,21,102,120,2,17,25,132,228.0,227.01
133,0,0,0,0,1,0,69,21,102,120,2,17,25,133,228.0,227.99
134,0,0,0,0,1,0,69,21,102,120,2,17,25,134,228.0,227.56
135,0,0,0,0,1,0,69,21,102,120,2,17,25,135,228.0,226.12
136,0,0,0,0,1,0,69,21,102,120,2,17,25,136,228.0,225.9
137,0,0,0,0,1,0,69,21,102,120,2,17,25,137,228.0,225.15
138,0,0,0,0,1,0,69,21,102,120,2,17,25,138,228.0,225.31
139,0,0,0,0,1,0,69,21,102,120,2,17,25,139,228.0,225.21
140,0,0,0,0,1,0,69,21,102,120,2,17,25,140,228.0,225.67
141,0,0,0,0,1,0,69,21,102,120,2,17,25,141,228.0,225.53
142,0,0,0,0,1,0,69,21,102,120,2,17,25,142,228.0,224.76
143,0,0,0,0,1,0,69,21,102,120,2,17,25,143,228.0,226.03
144,0,0,0,0,1,0,69,21,102,120,2,17,25,144,228.0,226.79
145,0,0,0,0,1,0,69,21,102,120,2,17,25,145,228.0,226.1
146,0,0,0,0,1,0,69,21,102,120,2,17,25,146,228.0,225.61
147,0,0,0,0,1,0,69,21,102,120,2,17,25,147,228.0,225.18
148,0,0,0,0,1,0,69,21,102,120,2,17,25,148,228.0,224.08
149,0,0,0,0,1,0,69,21,102,120,2,17,25,149,228.0,222.92
150,0,0,0,0,1,0,69,21,102,120,2,17,25,150,228.0,223.18
151,0,0,0,0,1,0,69,21,102,120,2,17,25,151,228.0,223.71
152,0,0,0,0,1,0,69,21,102,120,2,17,25,152,228.0,224.95
153,0,0,0,0,1,0,69,21,102,120,2,17,25,153,228.0,226.3
154,0,0,0,0,1,0,69,21,102,120,2,17,25,154,228.0,226.06
155,0,0,0,0,1,0,69,21,102,120,2,17,25,155,228.0,224.4
156,0,0,0,0,1,0,69,21,102,120,2,17,25,156,228.0,223.94
157,0,0,0,0,1,0,69,21,102,120,2,17,25,157,228.0,223.89
158,0,0,0,0,1,0,69,21,102,120,2,17,25,158,228.0,221.63
159,0,0,0,0,1,0,69,21,102,120,2,17,25,159,228.0,221.06
160,0,0,0,0,1,0,69,21,102,120,2,17,25,160,228.0,221.16
161,0,0,0,0,1,0,69,21,102,120,2,17,25,161,228.0,220.91
162,0,0,0,0,1,0,69,21,102,120,2,17,25,162,228.0,220.16
163,0,0,0,0,1,0,69,21,102,120,2,17,25,163,228.0,220.61
164,0,0,0,0,1,0,69,21,102,120,2,17,25,164,228.0,221.5
165,0,0,0,0,1,0,69,21,102,120,2,17,25,165,228.0,220.49
166,0,0,0,0,1,0,69,21,102,120,2,17,25,166,228.0,220.12
167,0,0,0,0,1,0,69,21,102,120,2,17,25,167,228.0,219.42
168,0,0,0,0,1,0,69,21,102,120,2,17,25,168,228.0,219.58
169,0,0,0,0,1,0,69,21,102,120,2,17,25,169,228.0,218.24
170,0,0,0,0,1,0,69,21,102,120,2,17,25,170,228.0,218.74
171,0,0,0,0,1,0,69,21,102,120,2,17,25,171,228.0,220.32
172,0,0,0,0,1,0,69,21,102,120,2,17,25,172,228.0,221.12
173,0,0,0,0,1,0,69,21,102,120,2,17,25,173,228.0,221.42
174,0,0,0,0,1,0,69,21,102,120,2,17,25,174,228.0,223.31
175,0,0,0,0,1,0,69,21,102,120,2,17,25,175,228.0,224.14
176,0,0,0,0,1,0,69,21,102,120,2,17,25,176,228.0,225.0
177,0,0,0,0,1,0,69,21,102,120,2,17,25,177,228.0,224.04
178,0,0,0,0,1,0,69,21,102,120,2,17,25,178,228.0,223.46
179,0,0,0,0,1,0,69,21,102,120,2,17,25,179,228.0,222.7
180,0,0,0,0,1,0,69,21,102,120,2,17,25,180,228.0,222.28
181,0,0,0,0,1,0,69,21,102,120,2,17,25,181,228.0,222.02
182,0,0,0,0,1,0,69,21,102,120,2,17,25,182,228.0,222.12
183,0,0,0,0,1,0,69,21,102,120,2,17,25,183,228.0,222.43
184,0,0,0,0,1,0,69,21,102,120,2,17,25,184,228.0,221.58
185,0,0,0,0,1,0,69,21,102,120,2,17,25,185,228.0,220.16
186,0,0,0,0,1,0,69,21,102,120,2,17,25,186,228.0,218.76
187,0,0,0,0,1,0,69,21,102,120,2,17,25,187,228.0,217.77
188,0,0,0,0,1,0,69,21,102,120,2,17,25,188,228.0,216.97
189,0,0,0,0,1,0,69,21,102,120,2,17,25,189,228.0,216.7
190,0,0,0,0,1,0,69,21,102,120,2,17,25,190,228.0,216.24
191,0,0,0,0,1,0,69,21,102,120,2,17,25,191,228.0,215.67
192,0,0,0,0,1,0,69,21,102,120,2,17,25,192,228.0,216.1
193,0,0,0,0,1,0,69,21,102,120,2,17,25,193,228.0,214.32
194,0,0,0,0,1,0,69,21,102,120,2,17,25,194,228.0,213.99
195,0,0,0,0,1,0,69,21,102,120,2,17,25,195,228.0,214.91
196,0,0,0,0,1,0,69,21,102,120,2,17,25,196,228.0,214.68
197,0,0,0,0,1,0,69,21,102,120,2,17,25,197,228.0,215.5
198,0,0,0,0,1,0,69,21,102,120,2,17,25,198,228.0,215.77
199,0,0,0,0,1,0,69,21,102,120,2,17,25,199,228.0,215.15
200,0,0,0,0,1,0,69,21,102,120,2,17,25,200,228.0,215.33
201,0,0,0,0,1,0,69,21,102,120,2,17,25,201,228.0,215.37
202,0,0,0,0,1,0,69,21,102,120,2,17,25,202,228.0,215.36
203,0,0,0,0,1,0,69,21,102,120,2,17,25,203,228.0,214.99
204,0,0,0,0,1,0,69,21,102,120,2,17,25,204,228.0,213.3
205,0,0,0,0,1,0,69,21,102,120,2,17,25,205,228.0,212.67
206,0,0,0,0,1,0,69,21,102,120,2,17,25,206,228.0,211.96
207,0,0,0,0,1,0,69,21,102,120,2,17,25,207,228.0,214.09
208,0,0,0,0,1,0,69,21,102,120,2,17,25,208,228.0,215.01
209,0,0,0,0,1,0,69,21,102,120,2,17,25,209,228.0,215.32
210,0,0,0,0,1,0,69,21,102,120,2,17,25,210,228.0,214.74
211,0,0,0,0,1,0,69,21,102,120,2,17,25,211,228.0,214.76
212,0,0,0,0,1,0,69,21,102,120,2,17,25,212,228.0,215.58
213,0,0,0,0,1,0,69,21,102,120,2,17,25,213,228.0,214.97
214,0,0,0,0,1,0,69,21,102,120,2,17,25,214,228.0,214.44
215,0,0,0,0,1,0,69,21,102,120,2,17,25,215,228.0,214.35
216,0,0,0,0,1,0,69,21,102,120,2,17,25,216,228.0,213.87
217,0,0,0,0,1,0,69,21,102,120,2,17,25,217,228.0,214.38
218,0,0,0,0,1,0,69,21,102,120,2,17,25,218,228.0,213.47
219,0,0,0,0,1,0,69,21,102,120,2,17,25,219,228.0,213.35
220,0,0,0,0,1,0,69,21,102,120,2,17,25,220,228.0,213.56
221,0,0,0,0,1,0,69,21,102,120,2,17,25,221,228.0,212.56
222,0,0,0,0,1,0,69,21,102,120,2,17,25,222,228.0,212.06
223,0,0,0,0,1,0,69,21,102,120,2,17,25,223,228.0,211.85
224,0,0,0,0,1,0,69,21,102,120,2,17,25,224,228.0,212.31
225,0,0,0,0,1,0,69,21,102,120,2,17,25,225,228.0,212.71
226,0,0,0,0,1,0,69,21,102,120,2,17,25,226,228.0,212.56
227,0,0,0,0,1,0,69,21,102,120,2,17,25,227,228.0,212.15
228,0,0,0,0,1,0,69,21,102,120,2,17,25,228,228.0,210.64
229,0,0,0,0,1,0,69,21,102,120,2,17,25,229,228.0,211.05
230,0,0,0,0,1,0,69,21,102,120,2,17,25,230,228.0,211.34
231,0,0,0,0,1,0,69,21,102,120,2,17,25,231,228.0,211.73
232,0,0,0,0,1,0,69,21,102,120,2,17,25,232,228.0,211.43
233,0,0,0,0,1,0,69,21,102,120,2,17,25,233,228.0,210.02
234,0,0,0,0,1,0,69,21,102,120,2,17,25,234,228.0,209.65
235,0,0,0,0,1,0,69,21,102,120,2,17,25,235,228.0,210.68
236,0,0,0,0,1,0,69,21,102,120,2,17,25,236,228.0,211.46
237,0,0,0,0,1,0,69,21,102,120,2,17,25,237,228.0,211.52
238,0,0,0,0,1,0,69,21,102,120,2,17,25,238,228.0,211.32
239,0,0,0,0,1,0,69,21,102,120,2,17,25,239,228.0,210.96
240,0,0,0,0,1,0,69,21,102,120,2,17,25,240,228.0,211.48
241,0,0,0,0,1,0,69,21,102,120,2,17,25,241,228.0,210.6
242,0,0,0,0,1,0,69,21,102,120,2,17,25,242,228.0,212.14
243,0,0,0,0,1,0,69,21,102,120,2,17,25,243,228.0,211.77
244,0,0,0,0,1,0,69,21,102,120,2,17,25,244,228.0,211.9
245,0,0,0,0,1,0,69,21,102,120,2,17,25,245,228.0,212.37
246,0,0,0,0,1,0,69,21,102,120,2,17,25,246,228.0,211.97
247,0,0,0,0,1,0,69,21,102,120,2,17,25,247,228.0,211.7
248,0,0,0,0,1,0,69,21,102,120,2,17,25,248,228.0,212.01
249,0,0,0,0,1,0,69,21,102,120,2,17,25,249,228.0,212.23
250,0,0,0,0,1,0,69,21,102,120,2,17,25,250,228.0,211.97
251,0,0,0,0,1,0,69,21,102,120,2,17,25,251,228.0,212.06
252,0,0,0,0,1,0,69,21,102,120,2,17,25,252,228.0,212.39
253,0,0,0,0,1,0,69,21,102,120,2,17,25,253,228.0,212.28
254,0,0,0,0,1,0,69,21,102,120,2,17,25,254,228.0,211.83
255,0,0,0,0,1,0,69,21,102,120,2,17,25,255,228.0,214.96
256,0,0,0,0,1,0,69,21,102,120,2,17,25,256,228.0,215.69
257,0,0,0,0,1,0,69,21,102,120,2,17,25,257,228.0,214.5
258,0,0,0,0,1,0,69,21,102,120,2,17,25,258,228.0,215.12
259,0,0,0,0,1,0,69,21,102,120,2,17,25,259,228.0,216.34
260,0,0,0,0,1,0,69,21,102,120,2,17,25,260,228.0,216.33
261,0,0,0,0,1,0,69,21,102,120,2,17,25,261,228.0,216.79
262,0,0,0,0,1,0,69,21,102,120,2,17,25,262,228.0,216.67
263,0,0,0,0,1,0,69,21,102,120,2,17,25,263,228.0,217.7
264,0,0,0,0,1,0,69,21,102,120,2,17,25,264,228.0,218.26
265,0,0,0,0,1,0,69,21,102,120,2,17,25,265,228.0,217.48
266,0,0,0,0,1,0,69,21,102,120,2,17,25,266,228.0,216.24
267,0,0,0,0,1,0,69,21,102,120,2,17,25,267,228.0,219.1
268,0,0,0,0,1,0,69,21,102,120,2,17,25,268,228.0,222.36
269,0,0,0,0,1,0,69,21,102,120,2,17,25,269,228.0,222.68
270,0,0,0,0,1,0,69,21,102,120,2,17,25,270,228.0,223.25
271,0,0,0,0,1,0,69,21,102,120,2,17,25,271,228.0,226.89
272,0,0,0,0,1,0,69,21,102,120,2,17,25,272,228.0,227.48
273,0,0,0,0,1,0,69,21,102,120,2,17,25,273,228.0,228.34
274,0,0,0,0,1,0,69,21,102,120,2,17,25,274,228.0,229.41
275,0,0,0,0,1,0,69,21,102,120,2,17,25,275,228.0,229.42
276,0,0,0,0,1,0,69,21,102,120,2,17,25,276,228.0,229.97
277,0,0,0,0,1,0,69,21,102,120,2,17,25,277,228.0,229.03
278,0,0,0,0,1,0,69,21,102,120,2,17,25,278,228.0,229.6
279,0,0,0,0,1,0,69,21,102,120,2,17,25,279,228.0,229.38
280,0,0,0,0,1,0,69,21,102,120,2,17,25,280,228.0,229.82
281,0,0,0,0,1,0,69,21,102,120,2,17,25,281,228.0,228.98
282,0,0,0,0,1,0,69,21,102,120,2,17,25,282,228.0,229.55
283,0,0,0,0,1,0,69,21,102,120,2,17,25,283,228.0,229.44
284,0,0,0,0,1,0,69,21,102,120,2,17,25,284,228.0,229.04
285,0,0,0,0,1,0,69,21,102,120,2,17,25,285,228.0,229.19
286,0,0,0,0,1,0,69,21,102,120,2,17,25,286,228.0,230.02
287,0,0,0,0,1,0,69,21,102,120,2,17,25,287,228.0,229.66
288,0,0,0,0,1,0,69,21,102,120,2,17,25,288,228.0,229.5
289,0,0,0,0,1,0,69,21,102,120,2,17,25,289,228.0,229.29
290,0,0,0,0,1,0,69,21,102,120,2,17,25,290,228.0,228.46
291,0,0,0,0,1,0,69,21,102,120,2,17,25,291,228.0,227.93
292,0,0,0,0,1,0,69,21,102,120,2,17,25,292,228.0,227.63
293,0,0,0,0,1,0,69,21,102,120,2,17,25,293,228.0,227.32
294,0,0,0,0,1,0,69,21,102,120,2,17,25,294,228.0,226.95
295,0,0,0,0,1,0,69,21,102,120,2,17,25,295,228.0,226.5
296,0,0,0,0,1,0,69,21,102,120,2,17,25,296,228.0,226.96
297,0,0,0,0,1,0,69,21,102,120,2,17,25,297,228.0,227.01
298,0,0,0,0,1,0,69,21,102,120,2,17,25,298,228.0,226.67
299,0,0,0,0,1,0,69,21,102,120,2,17,25,299,228.0,227.84
300,0,0,0,0,1,0,69,21,102,120,2,17,25,300,228.0,227.0
301,0,0,0,0,1,0,69,21,102,120,2,17,25,301,228.0,227.13
302,0,0,0,0,1,0,69,21,102,120,2,17,25,302,228.0,227.39
303,0,0,0,0,1,0,69,21,102,120,2,17,25,303,228.0,226.45
304,0,0,0,0,1,0,69,21,102,120,2,17,25,304,228.0,226.49
305,0,0,0,0,1,0,69,21,102,120,2,17,25,305,228.0,225.71
306,0,0,0,0,1,0,69,21,102,120,2,17,25,306,228.0,225.38
307,0,0,0,0,1,0,69,21,102,120,2,17,25,307,228.0,225.44
308,0,0,0,0,1,0,69,21,102,120,2,17,25,308,228.0,225.37
309,0,0,0,0,1,0,69,21,102,120,2,17,25,309,228.0,226.0
310,0,0,0,0,1,0,69,21,102,120,2,17,25,310,228.0,225.64
311,0,0,0,0,1,0,69,21,102,120,2,17,25,311,228.0,226.81
312,0,0,0,0,1,0,69,21,102,120,2,17,25,312,228.0,226.77
313,0,0,0,0,1,0,69,21,102,120,2,17,25,313,228.0,226.5
314,0,0,0,0,1,0,69,21,102,120,2,17,25,314,228.0,226.01
315,0,0,0,0,1,0,69,21,102,120,2,17,25,315,228.0,225.56
316,0,0,0,0,1,0,69,21,102,120,2,17,25,316,228.0,225.43
317,0,0,0,0,1,0,69,21,102,120,2,17,25,317,228.0,225.04
318,0,0,0,0,1,0,69,21,102,120,2,17,25,318,228.0,224.23
319,0,0,0,0,1,0,69,21,102,120,2,17,25,319,228.0,222.89
320,0,0,0,0,1,0,69,21,102,120,2,17,25,320,228.0,220.7
321,0,0,0,0,1,0,69,21,102,120,2,17,25,321,228.0,218.66
322,0,0,0,0,1,0,69,21,102,120,2,17,25,322,228.0,217.52
323,0,0,0,0,1,0,69,21,102,120,2,17,25,323,228.0,216.59
324,0,0,0,0,1,0,69,21,102,120,2,17,25,324,228.0,213.65
325,0,0,0,0,1,0,69,21,102,120,2,17,25,325,228.0,211.93
326,0,0,0,0,1,0,69,21,102,120,2,17,25,326,228.0,211.24
327,0,0,0,0,1,0,69,21,102,120,2,17,25,327,228.0,210.51
328,0,0,0,0,1,0,69,21,102,120,2,17,25,328,228.0,210.08
329,0,0,0,0,1,0,69,21,102,120,2,17,25,329,228.0,210.55
330,0,0,0,0,1,0,69,21,102,120,2,17,25,330,228.0,210.01
331,0,0,0,0,1,0,69,21,102,120,2,17,25,331,228.0,209.46
332,0,0,0,0,1,0,69,21,102,120,2,17,25,332,228.0,208.65
333,0,0,0,0,1,0,69,21,102,120,2,17,25,333,228.0,208.81
334,0,0,0,0,1,0,69,21,102,120,2,17,25,334,228.0,208.69
335,0,0,0,0,1,0,69,21,102,120,2,17,25,335,228.0,208.68
336,0,0,0,0,1,0,69,21,102,120,2,17,25,336,228.0,208.73
337,0,0,0,0,1,0,69,21,102,120,2,17,25,337,228.0,208.7
338,0,0,0,0,1,0,69,21,102,120,2,17,25,338,228.0,207.92
339,0,0,0,0,1,0,69,21,102,120,2,17,25,339,228.0,208.32
340,0,0,0,0,1,0,69,21,102,120,2,17,25,340,228.0,209.55
341,0,0,0,0,1,0,69,21,102,120,2,17,25,341,228.0,209.91
342,0,0,0,0,1,0,69,21,102,120,2,17,25,342,228.0,210.7
343,0,0,0,0,1,0,69,21,102,120,2,17,25,343,228.0,211.45
344,0,0,0,0,1,0,69,21,102,120,2,17,25,344,228.0,211.47
345,0,0,0,0,1,0,69,21,102,120,2,17,25,345,228.0,211.51
346,0,0,0,0,1,0,69,21,102,120,2,17,25,346,228.0,213.32
347,0,0,0,0,1,0,69,21,102,120,2,17,25,347,228.0,214.79
348,0,0,0,0,1,0,69,21,102,120,2,17,25,348,228.0,215.67
349,0,0,0,0,1,0,69,21,102,120,2,17,25,349,228.0,216.63
350,0,0,0,0,1,0,69,21,102,120,2,17,25,350,228.0,218.07
351,0,0,0,0,1,0,69,21,102,120,2,17,25,351,228.0,219.92
352,0,0,0,0,1,0,69,21,102,120,2,17,25,352,228.0,220.48
353,0,0,0,0,1,0,69,21,102,120,2,17,25,353,228.0,221.88
354,0,0,0,0,1,0,69,21,102,120,2,17,25,354,228.0,222.12
355,0,0,0,0,1,0,69,21,102,120,2,17,25,355,228.0,221.41
356,0,0,0,0,1,0,69,21,102,120,2,17,25,356,228.0,221.29
357,0,0,0,0,1,0,69,21,102,120,2,17,25,357,228.0,221.91
358,0,0,0,0,1,0,69,21,102,120,2,17,25,358,228.0,222.19
359,0,0,0,0,1,0,69,21,102,120,2,17,25,359,228.0,222.57
360,0,0,0,0,1,0,69,21,102,120,2,17,25,360,228.0,222.16
361,0,0,0,0,1,0,69,21,102,120,2,17,25,361,228.0,222.63
362,0,0,0,0,1,0,69,21,102,120,2,17,25,362,228.0,223.63
363,0,0,0,0,1,0,69,21,102,120,2,17,25,363,228.0,223.33
364,0,0,0,0,1,0,69,21,102,120,2,17,25,364,228.0,223.57
365,0,0,0,0,1,0,69,21,102,120,2,17,25,365,228.0,224.46
366,0,0,0,0,1,0,69,21,102,120,2,17,25,366,228.0,224.6
367,0,0,0,0,1,0,69,21,102,120,2,17,25,367,228.0,225.37
368,0,0,0,0,1,0,69,21,102,120,2,17,25,368,228.0,225.39
369,0,0,0,0,1,0,69,21,102,120,2,17,25,369,228.0,226.48
370,0,0,0,0,1,0,69,21,102,120,2,17,25,370,228.0,226.88
371,0,0,0,0,1,0,69,21,102,120,2,17,25,371,228.0,227.62
372,0,0,0,0,1,0,69,21,102,120,2,17,25,372,228.0,228.44
373,0,0,0,0,1,0,69,21,102,120,2,17,25,373,228.0,228.63
374,0,0,0,0,1,0,69,21,102,120,2,17,25,374,228.0,229.88
375,0,0,0,0,1,0,69,21,102,120,2,17,25,375,228.0,231.25
376,0,0,0,0,1,0,69,21,102,120,2,17,25,376,228.0,230.94
377,0,0,0,0,1,0,69,21,102,120,2,17,25,377,228.0,230.09
378,0,0,0,0,1,0,69,21,102,120,2,17,25,378,228.0,231.31
379,0,0,0,0,1,0,69,21,102,120,2,17,25,379,228.0,235.73
380,0,0,0,0,1,0,69,21,102,120,2,17,25,380,228.0,241.59
381,0,0,0,0,1,0,69,21,102,120,2,17,25,381,228.0,241.63
382,0,0,0,0,1,0,69,21,102,120,2,17,25,382,228.0,240.41
383,0,0,0,0,1,0,69,21,102,120,2,17,25,383,228.0,239.33
384,0,0,0,0,1,0,69,21,102,120,2,17,25,384,228.0,240.2
385,0,0,0,0,1,0,69,21,102,120,2,17,25,385,228.0,239.78
386,0,0,0,0,1,0,69,21,102,120,2,17,25,386,228.0,238.95
387,0,0,0,0,1,0,69,21,102,120,2,17,25,387,228.0,240.64
388,0,0,0,0,1,0,69,21,102,120,2,17,25,388,228.0,240.16
389,0,0,0,0,1,0,69,21,102,120,2,17,25,389,228.0,240.6
390,0,0,0,0,1,0,69,21,102,120,2,17,25,390,228.0,243.03
391,0,0,0,0,1,0,69,21,102,120,2,17,25,391,228.0,243.12
392,0,0,0,0,1,0,69,21,102,120,2,17,25,392,228.0,243.09
393,0,0,0,0,1,0,69,21,102,120,2,17,25,393,228.0,242.79
394,0,0,0,0,1,0,69,21,102,120,2,17,25,394,228.0,243.23
395,0,0,0,0,1,0,69,21,102,120,2,17,25,395,228.0,242.89
396,0,0,0,0,1,0,69,21,102,120,2,17,25,396,228.0,242.63
397,0,0,0,0,1,0,69,21,102,120,2,17,25,397,228.0,242.79
398,0,0,0,0,1,0,69,21,102,120,2,17,25,398,228.0,243.85
399,0,0,0,0,1,0,69,21,102,120,2,17,25,399,228.0,243.6
400,0,0,0,0,1,0,69,21,102,120,2,17,25,400,228.0,242.55
401,0,0,0,0,1,0,69,21,102,120,2,17,25,401,228.0,245.88
402,0,0,0,0,1,0,69,21,102,120,2,17,25,402,228.0,244.99
403,0,0,0,0,1,0,69,21,102,120,2,17,25,403,228.0,244.53
404,0,0,0,0,1,0,69,21,102,120,2,17,25,404,228.0,245.1
405,0,0,0,0,1,0,69,21,102,120,2,17,25,405,228.0,244.73
406,0,0,0,0,1,0,69,21,102,120,2,17,25,406,228.0,244.59
407,0,0,0,0,1,0,69,21,102,120,2,17,25,407,228.0,244.53
408,0,0,0,0,1,0,69,21,102,120,2,17,25,408,228.0,243.09
409,0,0,0,0,1,0,69,21,102,120,2,17,25,409,228.0,243.0
410,0,0,0,0,1,0,69,21,102,120,2,17,25,410,228.0,241.09
411,0,0,0,0,1,0,69,21,102,120,2,17,25,411,228.0,241.37
412,0,0,0,0,1,0,69,21,102,120,2,17,25,412,228.0,241.37
413,0,0,0,0,1,0,69,21,102,120,2,17,25,413,228.0,241.14
414,0,0,0,0,1,0,69,21,102,120,2,17,25,414,228.0,240.71
415,0,0,0,0,1,0,69,21,102,120,2,17,25,415,228.0,239.72
416,0,0,0,0,1,0,69,21,102,120,2,17,25,416,228.0,239.64
417,0,0,0,0,1,0,69,21,102,120,2,17,25,417,228.0,240.4
418,0,0,0,0,1,0,69,21,102,120,2,17,25,418,228.0,240.39
419,0,0,0,0,1,0,69,21,102,120,2,17,25,419,228.0,240.27
420,0,0,0,0,1,0,69,21,102,120,2,17,25,420,228.0,240.62
421,0,0,0,0,1,0,69,21,102,120,2,17,25,421,228.0,239.85
422,0,0,0,0,1,0,69,21,102,120,2,17,25,422,228.0,239.63
423,0,0,0,0,1,0,69,21,102,120,2,17,25,423,228.0,239.58
424,0,0,0,0,1,0,69,21,102,120,2,17,25,424,228.0,239.55
425,0,0,0,0,1,0,69,21,102,120,2,17,25,425,228.0,239.16
426,0,0,0,0,1,0,69,21,102,120,2,17,25,426,228.0,238.59
427,0,0,0,0,1,0,69,21,102,120,2,17,25,427,228.0,238.41
428,0,0,0,0,1,0,69,21,102,120,2,17,25,428,228.0,237.85
429,0,0,0,0,1,0,69,21,102,120,2,17,25,429,228.0,237.86
430,0,0,0,0,1,0,69,21,102,120,2,17,25,430,228.0,238.12
431,0,0,0,0,1,0,69,21,102,120,2,17,25,431,228.0,237.44
432,0,0,0,0,1,0,69,21,102,120,2,17,25,432,228.0,236.69
433,0,0,0,0,1,0,69,21,102,120,2,17,25,433,228.0,236.65
434,0,0,0,0,1,0,69,21,102,120,2,17,25,434,228.0,236.08
435,0,0,0,0,1,0,69,21,102,120,2,17,25,435,228.0,235.38
436,0,0,0,0,1,0,69,21,102,120,2,17,25,436,228.0,234.98
437,0,0,0,0,1,0,69,21,102,120,2,17,25,437,228.0,234.76
438,0,0,0,0,1,0,69,21,102,120,2,17,25,438,228.0,234.72
439,0,0,0,0,1,0,69,21,102,120,2,17,25,439,228.0,233.93
440,0,0,0,0,1,0,69,21,102,120,2,17,25,440,228.0,234.16
441,0,0,0,0,1,0,69,21,102,120,2,17,25,441,228.0,234.91
442,0,0,0,0,1,0,69,21,102,120,2,17,25,442,228.0,234.8
443,0,0,0,0,1,0,69,21,102,120,2,17,25,443,228.0,235.73
444,0,0,0,0,1,0,69,21,102,120,2,17,25,444,228.0,234.77
445,0,0,0,0,1,0,69,21,102,120,2,17,25,445,228.0,234.64
446,0,0,0,0,1,0,69,21,102,120,2,17,25,446,228.0,234.34
447,0,0,0,0,1,0,69,21,102,120,2,17,25,447,228.0,235.03
448,0,0,0,0,1,0,69,21,102,120,2,17,25,448,228.0,234.77
449,0,0,0,0,1,0,69,21,102,120,2,17,25,449,228.0,234.59
450,0,0,0,0,1,0,69,21,102,120,2,17,25,450,228.0,235.07
451,0,0,0,0,1,0,69,21,102,120,2,17,25,451,228.0,234.27
452,0,0,0,0,1,0,69,21,102,120,2,17,25,452,228.0,233.81
453,0,0,0,0,1,0,69,21,102,120,2,17,25,453,228.0,232.66
454,0,0,0,0,1,0,69,21,102,120,2,17,25,454,228.0,232.65
455,0,0,0,0,1,0,69,21,102,120,2,17,25,455,228.0,232.76
456,0,0,0,0,1,0,69,21,102,120,2,17,25,456,228.0,231.25
457,0,0,0,0,1,0,69,21,102,120,2,17,25,457,228.0,230.97
458,0,0,0,0,1,0,69,21,102,120,2,17,25,458,228.0,230.9
459,0,0,0,0,1,0,69,21,102,120,2,17,25,459,228.0,229.09
460,0,0,0,0,1,0,69,21,102,120,2,17,25,460,228.0,229.95
461,0,0,0,0,1,0,69,21,102,120,2,17,25,461,228.0,230.59
462,0,0,0,0,1,0,69,21,102,120,2,17,25,462,228.0,231.23
463,0,0,0,0,1,0,69,21,102,120,2,17,25,463,228.0,231.0
464,0,0,0,0,1,0,69,21,102,120,2,17,25,464,228.0,230.78
465,0,0,0,0,1,0,69,21,102,120,2,17,25,465,228.0,230.26
466,0,0,0,0,1,0,69,21,102,120,2,17,25,466,228.0,228.98
467,0,0,0,0,1,0,69,21,102,120,2,17,25,467,228.0,228.72
468,0,0,0,0,1,0,69,21,102,120,2,17,25,468,228.0,229.13
469,0,0,0,0,1,0,69,21,102,120,2,17,25,469,228.0,229.78
470,0,0,0,0,1,0,69,21,102,120,2,17,25,470,228.0,230.07
471,0,0,0,0,1,0,69,21,102,120,2,17,25,471,228.0,231.53
472,0,0,0,0,1,0,69,21,102,120,2,17,25,472,228.0,232.09
473,0,0,0,0,1,0,69,21,102,120,2,17,25,473,228.0,232.62
474,0,0,0,0,1,0,69,21,102,120,2,17,25,474,228.0,233.88
475,0,0,0,0,1,0,69,21,102,120,2,17,25,475,228.0,233.37
476,0,0,0,0,1,0,69,21,102,120,2,17,25,476,228.0,233.53
477,0,0,0,0,1,0,69,21,102,120,2,17,25,477,228.0,233.36
478,0,0,0,0,1,0,69,21,102,120,2,17,25,478,228.0,232.36
479,0,0,0,0,1,0,69,21,102,120,2,17,25,479,228.0,230.56
480,0,0,0,0,1,0,69,21,102,120,2,17,25,480,228.0,229.88
481,0,0,0,0,1,0,69,21,102,120,2,17,25,481,228.0,229.31
482,0,0,0,0,1,0,69,21,102,120,2,17,25,482,228.0,229.75
483,0,0,0,0,1,0,69,21,102,120,2,17,25,483,228.0,229.18
484,0,0,0,0,1,0,69,21,102,120,2,17,25,484,228.0,229.24
485,0,0,0,0,1,0,69,21,102,120,2,17,25,485,228.0,229.09
486,0,0,0,0,1,0,69,21,102,120,2,17,25,486,228.0,228.32
487,0,0,0,0,1,0,69,21,102,120,2,17,25,487,228.0,228.03
488,0,0,0,0,1,0,69,21,102,120,2,17,25,488,228.0,228.25
489,0,0,0,0,1,0,69,21,102,120,2,17,25,489,228.0,227.75
490,0,0,0,0,1,0,69,21,102,120,2,17,25,490,228.0,227.15
491,0,0,0,0,1,0,69,21,102,120,2,17,25,491,228.0,226.8
492,0,0,0,0,1,0,69,21,102,120,2,17,25,492,228.0,226.71
493,0,0,0,0,1,0,69,21,102,120,2,17,25,493,228.0,226.05
494,0,0,0,0,1,0,69,21,102,120,2,17,25,494,228.0,225.7
495,0,0,0,0,1,0,69,21,102,120,2,17,25,495,228.0,226.06
496,0,0,0,0,1,0,69,21,102,120,2,17,25,496,228.0,226.9
497,0,0,0,0,1,0,69,21,102,120,2,17,25,497,228.0,226.86
498,0,0,0,0,1,0,69,21,102,120,2,17,25,498,228.0,226.98
499,0,0,0,0,1,0,69,21,102,120,2,17,25,499,228.0,226.07
500,0,0,0,0,1,0,69,21,102,120,2,17,25,500,228.0,225.61
501,0,0,0,0,1,0,69,21,102,120,2,17,25,501,228.0,225.08
502,0,0,0,0,1,0,69,21,102,120,2,17,25,502,228.0,225.3
503,0,0,0,0,1,0,69,21,102,120,2,17,25,503,228.0,224.8
504,0,0,0,0,1,0,69,21,102,120,2,17,25,504,228.0,224.56
505,0,0,0,0,1,0,69,21,102,120,2,17,25,505,228.0,225.05
506,0,0,0,0,1,0,69,21,102,120,2,17,25,506,228.0,225.34
507,0,0,0,0,1,0,69,21,102,120,2,17,25,507,228.0,225.37
508,0,0,0,0,1,0,69,21,102,120,2,17,25,508,228.0,224.92
509,0,0,0,0,1,0,69,21,102,120,2,17,25,509,228.0,225.02
510,0,0,0,0,1,0,69,21,102,120,2,17,25,510,228.0,224.48
511,0,0,0,0,1,0,69,21,102,120,2,17,25,511,228.0,223.91
512,0,0,0,0,1,0,69,21,102,120,2,17,25,512,228.0,222.07
513,0,0,0,0,1,0,69,21,102,120,2,17,25,513,228.0,222.4
514,0,0,0,0,1,0,69,21,102,120,2,17,25,514,228.0,222.5
515,0,0,0,0,1,0,69,21,102,120,2,17,25,515,228.0,222.58
516,0,0,0,0,1,0,69,21,102,120,2,17,25,516,228.0,222.47
517,0,0,0,0,1,0,69,21,102,120,2,17,25,517,228.0,222.49
518,0,0,0,0,1,0,69,21,102,120,2,17,25,518,228.0,222.41
519,0,0,0,0,1,0,69,21,102,120,2,17,25,519,228.0,221.76
520,0,0,0,0,1,0,69,21,102,120,2,17,25,520,228.0,221.3
521,0,0,0,0,1,0,69,21,102,120,2,17,25,521,228.0,220.47
522,0,0,0,0,1,0,69,21,102,120,2,17,25,522,228.0,219.63
523,0,0,0,0,1,0,69,21,102,120,2,17,25,523,228.0,219.5
524,0,0,0,0,1,0,69,21,102,120,2,17,25,524,228.0,219.02
525,0,0,0,0,1,0,69,21,102,120,2,17,25,525,228.0,219.3
526,0,0,0,0,1,0,69,21,102,120,2,17,25,526,228.0,219.63
527,0,0,0,0,1,0,69,21,102,120,2,17,25,527,228.0,219.59
528,0,0,0,0,1,0,69,21,102,120,2,17,25,528,228.0,220.02
529,0,0,0,0,1,0,69,21,102,120,2,17,25,529,228.0,219.52
530,0,0,0,0,1,0,69,21,102,120,2,17,25,530,228.0,218.93
531,0,0,0,0,1,0,69,21,102,120,2,17,25,531,228.0,219.25
532,0,0,0,0,1,0,69,21,102,120,2,17,25,532,228.0,219.1
533,0,0,0,0,1,0,69,21,102,120,2,17,25,533,228.0,218.37
534,0,0,0,0,1,0,69,21,102,120,2,17,25,534,228.0,218.69
535,0,0,0,0,1,0,69,21,102,120,2,17,25,535,228.0,218.25
536,0,0,0,0,1,0,69,21,102,120,2,17,25,536,228.0,218.52
537,0,0,0,0,1,0,69,21,102,120,2,17,25,537,228.0,217.45
538,0,0,0,0,1,0,69,21,102,120,2,17,25,538,228.0,217.0
539,0,0,0,0,1,0,69,21,102,120,2,17,25,539,228.0,216.75
540,0,0,0,0,1,0,69,21,102,120,2,17,25,540,228.0,217.47
541,0,0,0,0,1,0,69,21,102,120,2,17,25,541,228.0,217.72
542,0,0,0,0,1,0,69,21,102,120,2,17,25,542,228.0,218.47
543,0,0,0,0,1,0,69,21,102,120,2,17,25,543,228.0,219.16
544,0,0,0,0,1,0,69,21,102,120,2,17,25,544,228.0,218.92
545,0,0,0,0,1,0,69,21,102,120,2,17,25,545,228.0,219.49
546,0,0,0,0,1,0,69,21,102,120,2,17,25,546,228.0,218.05
547,0,0,0,0,1,0,69,21,102,120,2,17,25,547,228.0,216.92
548,0,0,0,0,1,0,69,21,102,120,2,17,25,548,228.0,217.37
549,0,0,0,0,1,0,69,21,102,120,2,17,25,549,228.0,217.73
550,0,0,0,0,1,0,69,21,102,120,2,17,25,550,228.0,217.08
551,0,0,0,0,1,0,69,21,102,120,2,17,25,551,228.0,216.93
552,0,0,0,0,1,0,69,21,102,120,2,17,25,552,228.0,216.92
553,0,0,0,0,1,0,69,21,102,120,2,17,25,553,228.0,216.99
554,0,0,0,0,1,0,69,21,102,120,2,17,25,554,228.0,217.5
555,0,0,0,0,1,0,69,21,102,120,2,17,25,555,228.0,217.19
556,0,0,0,0,1,0,69,21,102,120,2,17,25,556,228.0,216.55
557,0,0,0,0,1,0,69,21,102,120,2,17,25,557,228.0,216.94
558,0,0,0,0,1,0,69,21,102,120,2,17,25,558,228.0,216.92
559,0,0,0,0,1,0,69,21,102,120,2,17,25,559,228.0,216.07
560,0,0,0,0,1,0,69,21,102,120,2,17,25,560,228.0,216.44
561,0,0,0,0,1,0,69,21,102,120,2,17,25,561,228.0,216.03
562,0,0,0,0,1,0,69,21,102,120,2,17,25,562,228.0,215.65
563,0,0,0,0,1,0,69,21,102,120,2,17,25,563,228.0,215.26
564,0,0,0,0,1,0,69,21,102,120,2,17,25,564,228.0,214.92
565,0,0,0,0,1,0,69,21,102,120,2,17,25,565,228.0,214.66
566,0,0,0,0,1,0,69,21,102,120,2,17,25,566,228.0,214.05
567,0,0,0,0,1,0,69,21,102,120,2,17,25,567,228.0,214.62
568,0,0,0,0,1,0,69,21,102,120,2,17,25,568,228.0,213.78
569,0,0,0,0,1,0,69,21,102,120,2,17,25,569,228.0,218.17
570,0,0,0,0,1,0,69,21,102,120,2,17,25,570,228.0,217.57
571,0,0,0,0,1,0,69,21,102,120,2,17,25,571,228.0,217.03
572,0,0,0,0,1,0,69,21,102,120,2,17,25,572,228.0,218.4
573,0,0,0,0,1,0,69,21,102,120,2,17,25,573,228.0,218.15
574,0,0,0,0,1,0,69,21,102,120,2,17,25,574,228.0,217.8
575,0,0,0,0,1,0,69,21,102,120,2,17,25,575,228.0,218.59
576,0,0,0,0,1,0,69,21,102,120,2,17,25,576,228.0,218.63
577,0,0,0,0,1,0,69,21,102,120,2,17,25,577,228.0,219.03
578,0,0,0,0,1,0,69,21,102,120,2,17,25,578,228.0,218.35
579,0,0,0,0,1,0,69,21,102,120,2,17,25,579,228.0,217.34
580,0,0,0,0,1,0,69,21,102,120,2,17,25,580,228.0,217.77
581,0,0,0,0,1,0,69,21,102,120,2,17,25,581,228.0,217.2
582,0,0,0,0,1,0,69,21,102,120,2,17,25,582,228.0,217.04
583,0,0,0,0,1,0,69,21,102,120,2,17,25,583,228.0,216.77
584,0,0,0,0,1,0,69,21,102,120,2,17,25,584,228.0,217.13
585,0,0,0,0,1,0,69,21,102,120,2,17,25,585,228.0,216.96
586,0,0,0,0,1,0,69,21,102,120,2,17,25,586,228.0,217.27
587,0,0,0,0,1,0,69,21,102,120,2,17,25,587,228.0,217.59
588,0,0,0,0,1,0,69,21,102,120,2,17,25,588,228.0,217.54
589,0,0,0,0,1,0,69,21,102,120,2,17,25,589,228.0,218.26
590,0,0,0,0,1,0,69,21,102,120,2,17,25,590,228.0,218.06
591,0,0,0,0,1,0,69,21,102,120,2,17,25,591,228.0,218.11
592,0,0,0,0,1,0,69,21,102,120,2,17,25,592,228.0,218.22
593,0,0,0,0,1,0,69,21,102,120,2,17,25,593,228.0,218.12
594,0,0,0,0,1,0,69,21,102,120,2,17,25,594,228.0,218.21
595,0,0,0,0,1,0,69,21,102,120,2,17,25,595,228.0,217.87
596,0,0,0,0,1,0,69,21,102,120,2,17,25,596,228.0,218.59
597,0,0,0,0,1,0,69,21,102,120,2,17,25,597,228.0,218.67
598,0,0,0,0,1,0,69,21,102,120,2,17,25,598,228.0,219.25
599,0,0,0,0,1,0,69,21,102,120,2,17,25,599,228.0,219.57
600,0,0,0,0,1,0,69,21,102,120,2,17,25,600,228.0,220.44
601,0,0,0,0,1,0,69,21,102,120,2,17,25,601,228.0,220.57
602,0,0,0,0,1,0,69,21,102,120,2,17,25,602,228.0,220.77
603,0,0,0,0,1,0,69,21,102,120,2,17,25,603,228.0,222.13
604,0,0,0,0,1,0,69,21,102,120,2,17,25,604,228.0,223.91
605,0,0,0,0,1,0,69,21,102,120,2,17,25,605,228.0,224.68
606,0,0,0,0,1,0,69,21,102,120,2,17,25,606,228.0,225.62
607,0,0,0,0,1,0,69,21,102,120,2,17,25,607,228.0,226.91
608,0,0,0,0,1,0,69,21,102,120,2,17,25,608,228.0,227.52
609,0,0,0,0,1,0,69,21,102,120,2,17,25,609,228.0,228.4
610,0,0,0,0,1,0,69,21,102,120,2,17,25,610,228.0,228.48
611,0,0,0,0,1,0,69,21,102,120,2,17,25,611,228.0,229.44
612,0,0,0,0,1,0,69,21,102,120,2,17,25,612,228.0,230.52
613,0,0,0,0,1,0,69,21,102,120,2,17,25,613,228.0,230.79
614,0,0,0,0,1,0,69,21,102,120,2,17,25,614,228.0,230.3
615,0,0,0,0,1,0,69,21,102,120,2,17,25,615,228.0,231.06
616,0,0,0,0,1,0,69,21,102,120,2,17,25,616,228.0,231.89
617,0,0,0,0,1,0,69,21,102,120,2,17,25,617,228.0,231.95
618,0,0,0,0,1,0,69,21,102,120,2,17,25,618,228.0,231.92
619,0,0,0,0,1,0,69,21,102,120,2,17,25,619,228.0,231.67
620,0,0,0,0,1,0,69,21,102,120,2,17,25,620,228.0,232.04
621,0,0,0,0,1,0,69,21,102,120,2,17,25,621,225.0,231.17
622,0,0,0,0,1,0,69,21,102,120,2,17,25,622,225.0,231.35
623,0,0,0,0,1,0,69,21,102,120,2,17,25,623,225.0,232.29
624,0,0,0,0,1,0,69,21,102,120,2,17,25,624,225.0,232.15
625,0,0,0,0,1,0,69,21,102,120,2,17,25,625,225.0,232.73
626,0,0,0,0,1,0,69,21,102,120,2,17,25,626,225.0,233.85
627,0,0,0,0,1,0,69,21,102,120,2,17,25,627,225.0,235.25
628,0,0,0,0,1,0,69,21,102,120,2,17,25,628,225.0,236.49
629,0,0,0,0,1,0,69,21,102,120,2,17,25,629,225.0,235.17
630,0,0,0,0,1,0,69,21,102,120,2,17,25,630,225.0,234.96
631,0,0,0,0,1,0,69,21,102,120,2,17,25,631,225.0,236.2
632,0,0,0,0,1,0,69,21,102,120,2,17,25,632,225.0,236.95
633,0,0,0,0,1,0,69,21,102,120,2,17,25,633,225.0,237.25
634,0,0,0,0,1,0,69,21,102,120,2,17,25,634,225.0,238.29
635,0,0,0,0,1,0,69,21,102,120,2,17,25,635,225.0,238.31
636,0,0,0,0,1,0,69,21,102,120,2,17,25,636,225.0,238.7
637,0,0,0,0,1,0,69,21,102,120,2,17,25,637,225.0,239.6
638,0,0,0,0,1,0,69,21,102,120,2,17,25,638,225.0,240.72
639,0,0,0,0,1,0,69,21,102,120,2,17,25,639,225.0,242.5
640,0,0,0,0,1,0,69,21,102,120,2,17,25,640,225.0,243.25
641,0,0,0,0,1,0,69,21,102,120,2,17,25,641,225.0,244.18
642,0,0,0,0,1,0,69,21,102,120,2,17,25,642,225.0,244.78
643,0,0,0,0,1,0,69,21,102,120,2,17,25,643,225.0,246.88
644,0,0,0,0,1,0,69,21,102,120,2,17,25,644,225.0,247.06
645,0,0,0,0,1,0,69,21,102,120,2,17,25,645,225.0,250.06
646,0,0,0,0,1,0,69,21,102,120,2,17,25,646,225.0,251.35
647,0,0,0,0,1,0,69,21,102,120,2,17,25,647,225.0,250.88
648,0,0,0,0,1,0,69,21,102,120,2,17,25,648,225.0,253.56
649,0,0,0,0,1,0,69,21,102,120,2,17,25,649,225.0,253.16
650,0,0,0,0,1,0,69,21,102,120,2,17,25,650,279.0,253.59
651,0,0,0,0,1,0,69,21,102,120,2,17,25,651,279.0,254.64
652,0,0,0,0,1,0,69,21,102,120,2,17,25,652,279.0,256.34
653,0,0,0,0,1,0,69,21,102,120,2,17,25,653,279.0,256.7
654,0,0,0,0,1,0,69,21,102,120,2,17,25,654,279.0,259.55
655,0,0,0,0,1,0,69,21,102,120,2,17,25,655,279.0,260.58
656,0,0,0,0,1,0,69,21,102,120,2,17,25,656,279.0,261.95
657,0,0,0,0,1,0,69,21,102,120,2,17,25,657,279.0,260.54
658,0,0,0,0,1,0,69,21,102,120,2,17,25,658,279.0,260.89
659,0,0,0,0,1,0,69,21,102,120,2,17,25,659,279.0,260.96
660,0,0,0,0,1,0,69,21,102,120,2,17,25,660,279.0,261.38
661,0,0,0,0,1,0,69,21,102,120,2,17,25,661,279.0,265.18
662,0,0,0,0,1,0,69,21,102,120,2,17,25,662,279.0,266.28
663,0,0,0,0,1,0,69,21,102,120,2,17,25,663,279.0,269.37
664,0,0,0,0,1,0,69,21,102,120,2,17,25,664,279.0,269.1
665,0,0,0,0,1,0,69,21,102,120,2,17,25,665,279.0,270.35
666,0,0,0,0,1,0,69,21,102,120,2,17,25,666,279.0,271.2
667,0,0,0,0,1,0,69,21,102,120,2,17,25,667,279.0,272.22
668,0,0,0,0,1,0,69,21,102,120,2,17,25,668,279.0,271.88
669,0,0,0,0,1,0,69,21,102,120,2,17,25,669,279.0,273.47
670,0,0,0,0,1,0,69,21,102,120,2,17,25,670,279.0,274.65
671,0,0,0,0,1,0,69,21,102,120,2,17,25,671,279.0,277.01
672,0,0,0,0,1,0,69,21,102,120,2,17,25,672,279.0,277.5
673,0,0,0,0,1,0,69,21,102,120,2,17,25,673,279.0,279.14
674,0,0,0,0,1,0,69,21,102,120,2,17,25,674,279.0,282.69
675,0,0,0,0,1,0,69,21,102,120,2,17,25,675,279.0,283.74
676,0,0,0,0,1,0,69,21,102,120,2,17,25,676,279.0,285.08
677,0,0,0,0,1,0,69,21,102,120,2,17,25,677,279.0,286.58
678,0,0,0,0,1,0,69,21,102,120,2,17,25,678,279.0,291.36
679,0,0,0,0,1,0,69,21,102,120,2,17,25,679,279.0,294.99
680,0,0,0,0,1,0,69,21,102,120,2,17,25,680,279.0,296.84
681,0,0,0,0,1,0,69,21,102,120,2,17,25,681,279.0,298.32
682,0,0,0,0,1,0,69,21,102,120,2,17,25,682,279.0,305.06
683,0,0,0,0,1,0,69,21,102,120,2,17,25,683,279.0,304.08
684,0,0,0,0,1,0,69,21,102,120,2,17,25,684,279.0,310.01
685,0,0,0,0,1,0,69,21,102,120,2,17,25,685,279.0,313.55
686,0,0,0,0,1,0,69,21,102,120,2,17,25,686,279.0,313.6
687,0,0,0,0,1,0,69,21,102,120,2,17,25,687,279.0,315.75
688,0,0,0,0,1,0,69,21,102,120,2,17,25,688,279.0,316.73
689,0,0,0,0,1,0,69,21,102,120,2,17,25,689,279.0,596.88
690,0,0,0,0,1,0,69,21,102,120,2,17,25,690,279.0,595.92
691,0,0,0,0,1,0,69,21,102,120,2,17,25,691,279.0,600.15
692,0,0,0,0,1,0,69,21,102,120,2,17,25,692,279.0,602.61
693,0,0,0,0,1,0,69,21,102,120,2,17,25,693,279.0,603.74
694,0,0,0,0,1,0,69,21,102,120,2,17,25,694,279.0,605.18
695,0,0,0,0,1,0,69,21,102,120,2,17,25,695,279.0,605.11
696,0,0,0,0,1,0,69,21,102,120,2,17,25,696,279.0,607.88
697,0,0,0,0,1,0,69,21,102,120,2,17,25,697,279.0,610.14
698,0,0,0,0,1,0,69,21,102,120,2,17,25,698,279.0,611.66
699,0,0,0,0,1,0,69,21,102,120,2,17,25,699,279.0,611.97
700,0,0,0,0,1,0,69,21,102,120,2,17,25,700,279.0,611.99
701,0,0,0,0,1,0,69,21,102,120,2,17,25,701,279.0,615.05
702,0,0,0,0,1,0,69,21,102,120,2,17,25,702,279.0,613.68
703,0,0,0,0,1,0,69,21,102,120,2,17,25,703,279.0,613.7
704,0,0,0,0,1,0,69,21,102,120,2,17,25,704,279.0,609.58
705,0,0,0,0,1,0,69,21,102,120,2,17,25,705,279.0,610.15
706,0,0,0,0,1,0,69,21,102,120,2,17,25,706,279.0,610.16
707,0,0,0,0,1,0,69,21,102,120,2,17,25,707,279.0,612.19
708,0,0,0,0,1,0,69,21,102,120,2,17,25,708,279.0,611.08
709,0,0,0,0,1,0,69,21,102,120,2,17,25,709,279.0,612.46
710,0,0,0,0,1,0,69,21,102,120,2,17,25,710,279.0,613.29
711,0,0,0,0,1,0,69,21,102,120,2,17,25,711,279.0,610.46
712,0,0,0,0,1,0,69,21,102,120,2,17,25,712,279.0,610.59
713,0,0,0,0,1,0,69,21,102,120,2,17,25,713,279.0,609.54
714,0,0,0,0,1,0,69,21,102,120,2,17,25,714,279.0,611.74
715,0,0,0,0,1,0,69,21,102,120,2,17,25,715,279.0,614.08
716,0,0,0,0,1,0,69,21,102,120,2,17,25,716,279.0,615.09
717,0,0,0,0,1,0,69,21,102,120,2,17,25,717,279.0,615.38
718,0,0,0,0,1,0,69,21,102,120,2,17,25,718,279.0,615.24
719,0,0,0,0,1,0,69,21,102,120,2,17,25,719,279.0,615.74
720,0,0,0,0,1,0,69,21,102,120,2,17,25,720,279.0,616.14
721,0,0,0,0,1,0,69,21,102,120,2,17,25,721,279.0,617.33
722,0,0,0,0,1,0,69,21,102,120,2,17,25,722,279.0,617.63
723,0,0,0,0,1,0,69,21,102,120,2,17,25,723,279.0,617.69
724,0,0,0,0,1,0,69,21,102,120,2,17,25,724,279.0,617.68
725,0,0,0,0,1,0,69,21,102,120,2,17,25,725,279.0,622.04
726,0,0,0,0,1,0,69,21,102,120,2,17,25,726,279.0,620.8
727,0,0,0,0,1,0,69,21,102,120,2,17,25,727,279.0,622.84
728,0,0,0,0,1,0,69,21,102,120,2,17,25,728,279.0,633.79
729,0,0,0,0,1,0,69,21,102,120,2,17,25,729,279.0,634.8
730,0,0,0,0,1,0,69,21,102,120,2,17,25,730,279.0,633.47
731,0,0,0,0,1,0,69,21,102,120,2,17,25,731,279.0,632.86
732,0,0,0,0,1,0,69,21,102,120,2,17,25,732,279.0,631.68
733,0,0,0,0,1,0,69,21,102,120,2,17,25,733,279.0,635.14
734,0,0,0,0,1,0,69,21,102,120,2,17,25,734,279.0,637.18
735,0,0,0,0,1,0,69,21,102,120,2,17,25,735,279.0,637.61
736,0,0,0,0,1,0,69,21,102,120,2,17,25,736,279.0,636.79
737,0,0,0,0,1,0,69,21,102,120,2,17,25,737,279.0,637.86
738,0,0,0,0,1,0,69,21,102,120,2,17,25,738,279.0,638.14
739,0,0,0,0,1,0,69,21,102,120,2,17,25,739,279.0,638.38
740,0,0,0,0,1,0,69,21,102,120,2,17,25,740,279.0,638.35
741,0,0,0,0,1,0,69,21,102,120,2,17,25,741,279.0,638.0
742,0,0,0,0,1,0,69,21,102,120,2,17,25,742,279.0,639.5
743,0,0,0,0,1,0,69,21,102,120,2,17,25,743,279.0,639.89
744,0,0,0,0,1,0,69,21,102,120,2,17,25,744,279.0,640.61
745,0,0,0,0,1,0,69,21,102,120,2,17,25,745,279.0,641.3
746,0,0,0,0,1,0,69,21,102,120,2,17,25,746,279.0,639.45
747,0,0,0,0,1,0,69,21,102,120,2,17,25,747,279.0,638.52
748,0,0,0,0,1,0,69,21,102,120,2,17,25,748,279.0,639.25
749,0,0,0,0,1,0,69,21,102,120,2,17,25,749,279.0,638.34
750,0,0,0,0,1,0,69,21,102,120,2,17,25,750,279.0,638.88
751,0,0,0,0,1,0,69,21,102,120,2,17,25,751,279.0,639.88
752,0,0,0,0,1,0,69,21,102,120,2,17,25,752,279.0,640.34
753,0,0,0,0,1,0,69,21,102,120,2,17,25,753,279.0,640.57
754,0,0,0,0,1,0,69,21,102,120,2,17,25,754,279.0,640.09
755,0,0,0,0,1,0,69,21,102,120,2,17,25,755,279.0,639.31
756,0,0,0,0,1,0,69,21,102,120,2,17,25,756,279.0,637.21
757,0,0,0,0,1,0,69,21,102,120,2,17,25,757,279.0,637.95
758,0,0,0,0,1,0,69,21,102,120,2,17,25,758,279.0,639.63
759,0,0,0,0,1,0,69,21,102,120,2,17,25,759,279.0,637.16
760,0,0,0,0,1,0,69,21,102,120,2,17,25,760,279.0,636.67
761,0,0,0,0,1,0,69,21,102,120,2,17,25,761,279.0,636.52
762,0,0,0,0,1,0,69,21,102,120,2,17,25,762,279.0,639.48
763,0,0,0,0,1,0,69,21,102,120,2,17,25,763,279.0,638.51
764,0,0,0,0,1,0,69,21,102,120,2,17,25,764,279.0,637.21
765,0,0,0,0,1,0,69,21,102,120,2,17,25,765,279.0,635.56
766,0,0,0,0,1,0,69,21,102,120,2,17,25,766,279.0,635.0
767,0,0,0,0,1,0,69,21,102,120,2,17,25,767,279.0,635.01
768,0,0,0,0,1,0,69,21,102,120,2,17,25,768,279.0,636.61
769,0,0,0,0,1,0,69,21,102,120,2,17,25,769,279.0,638.01
770,0,0,0,0,1,0,69,21,102,120,2,17,25,770,279.0,638.6
771,0,0,0,0,1,0,69,21,102,120,2,17,25,771,279.0,637.33
772,0,0,0,0,1,0,69,21,102,120,2,17,25,772,279.0,639.16
773,0,0,0,0,1,0,69,21,102,120,2,17,25,773,279.0,637.55
774,0,0,0,0,1,0,69,21,102,120,2,17,25,774,279.0,640.89
775,0,0,0,0,1,0,69,21,102,120,2,17,25,775,279.0,640.59
776,0,0,0,0,1,0,69,21,102,120,2,17,25,776,279.0,640.75
777,0,0,0,0,1,0,69,21,102,120,2,17,25,777,279.0,641.59
778,0,0,0,0,1,0,69,21,102,120,2,17,25,778,279.0,643.41
779,0,0,0,0,1,0,69,21,102,120,2,17,25,779,279.0,643.5
780,0,0,0,0,1,0,69,21,102,120,2,17,25,780,279.0,641.04
781,0,0,0,0,1,0,69,21,102,120,2,17,25,781,279.0,640.17
782,0,0,0,0,1,0,69,21,102,120,2,17,25,782,279.0,643.28
783,0,0,0,0,1,0,69,21,102,120,2,17,25,783,279.0,644.6
784,0,0,0,0,1,0,69,21,102,120,2,17,25,784,279.0,644.92
785,0,0,0,0,1,0,69,21,102,120,2,17,25,785,279.0,641.27
786,0,0,0,0,1,0,69,21,102,120,2,17,25,786,279.0,641.68
787,0,0,0,0,1,0,69,21,102,120,2,17,25,787,279.0,644.66
788,0,0,0,0,1,0,69,21,102,120,2,17,25,788,279.0,643.18
789,0,0,0,0,1,0,69,21,102,120,2,17,25,789,279.0,650.7
790,0,0,0,0,1,0,69,21,102,120,2,17,25,790,279.0,650.12
791,0,0,0,0,1,0,69,21,102,120,2,17,25,791,279.0,649.72
792,0,0,0,0,1,0,69,21,102,120,2,17,25,792,279.0,649.71
793,0,0,0,0,1,0,69,21,102,120,2,17,25,793,279.0,647.31
794,0,0,0,0,1,0,69,21,102,120,2,17,25,794,279.0,643.97
795,0,0,0,0,1,0,69,21,102,120,2,17,25,795,279.0,645.62
796,0,0,0,0,1,0,69,21,102,120,2,17,25,796,279.0,649.35
797,0,0,0,0,1,0,69,21,102,120,2,17,25,797,279.0,649.39
798,0,0,0,0,1,0,69,21,102,120,2,17,25,798,279.0,650.7
799,0,0,0,0,1,0,69,21,102,120,2,17,25,799,279.0,649.8
800,0,0,0,0,1,0,69,21,102,120,2,17,25,800,279.0,649.07
801,0,0,0,0,1,0,69,21,102,120,2,17,25,801,279.0,648.53
802,0,0,0,0,1,0,69,21,102,120,2,17,25,802,279.0,649.81
803,0,0,0,0,1,0,69,21,102,120,2,17,25,803,279.0,649.53
804,0,0,0,0,1,0,69,21,102,120,2,17,25,804,279.0,648.63
805,0,0,0,0,1,0,69,21,102,120,2,17,25,805,279.0,649.22
806,0,0,0,0,1,0,69,21,102,120,2,17,25,806,279.0,647.28
807,0,0,0,0,1,0,69,21,102,120,2,17,25,807,279.0,646.71
808,0,0,0,0,1,0,69,21,102,120,2,17,25,808,279.0,646.42
809,0,0,0,0,1,0,69,21,102,120,2,17,25,809,279.0,647.35
810,0,0,0,0,1,0,69,21,102,120,2,17,25,810,279.0,648.58
811,0,0,0,0,1,0,69,21,102,120,2,17,25,811,279.0,649.51
812,0,0,0,0,1,0,69,21,102,120,2,17,25,812,279.0,652.44
813,0,0,0,0,1,0,69,21,102,120,2,17,25,813,279.0,653.31
814,0,0,0,0,1,0,69,21,102,120,2,17,25,814,279.0,651.45
815,0,0,0,0,1,0,69,21,102,120,2,17,25,815,279.0,646.24
816,0,0,0,0,1,0,69,21,102,120,2,17,25,816,279.0,646.53
817,0,0,0,0,1,0,69,21,102,120,2,17,25,817,279.0,646.49
818,0,0,0,0,1,0,69,21,102,120,2,17,25,818,279.0,647.65
819,0,0,0,0,1,0,69,21,102,120,2,17,25,819,279.0,648.34
820,0,0,0,0,1,0,69,21,102,120,2,17,25,820,279.0,647.03
821,0,0,0,0,1,0,69,21,102,120,2,17,25,821,279.0,645.87
822,0,0,0,0,1,0,69,21,102,120,2,17,25,822,279.0,645.28
823,0,0,0,0,1,0,69,21,102,120,2,17,25,823,279.0,643.11
824,0,0,0,0,1,0,69,21,102,120,2,17,25,824,279.0,644.93
825,0,0,0,0,1,0,69,21,102,120,2,17,25,825,279.0,645.13
826,0,0,0,0,1,0,69,21,102,120,2,17,25,826,279.0,645.3
827,0,0,0,0,1,0,69,21,102,120,2,17,25,827,279.0,642.65
828,0,0,0,0,1,0,69,21,102,120,2,17,25,828,279.0,642.03
829,0,0,0,0,1,0,69,21,102,120,2,17,25,829,279.0,641.7
830,0,0,0,0,1,0,69,21,102,120,2,17,25,830,279.0,641.84
831,0,0,0,0,1,0,69,21,102,120,2,17,25,831,279.0,642.12
832,0,0,0,0,1,0,69,21,102,120,2,17,25,832,279.0,640.75
833,0,0,0,0,1,0,69,21,102,120,2,17,25,833,279.0,640.62
834,0,0,0,0,1,0,69,21,102,120,2,17,25,834,279.0,642.64
835,0,0,0,0,1,0,69,21,102,120,2,17,25,835,279.0,642.84
836,0,0,0,0,1,0,69,21,102,120,2,17,25,836,279.0,642.11
837,0,0,0,0,1,0,69,21,102,120,2,17,25,837,279.0,641.58
838,0,0,0,0,1,0,69,21,102,120,2,17,25,838,279.0,641.46
839,0,0,0,0,1,0,69,21,102,120,2,17,25,839,279.0,642.33
840,0,0,0,0,1,0,69,21,102,120,2,17,25,840,279.0,643.15
841,0,0,0,0,1,0,69,21,102,120,2,17,25,841,279.0,642.44
842,0,0,0,0,1,0,69,21,102,120,2,17,25,842,279.0,641.14
843,0,0,0,0,1,0,69,21,102,120,2,17,25,843,279.0,641.93
844,0,0,0,0,1,0,69,21,102,120,2,17,25,844,279.0,639.17
845,0,0,0,0,1,0,69,21,102,120,2,17,25,845,279.0,637.27
846,0,0,0,0,1,0,69,21,102,120,2,17,25,846,279.0,637.11
847,0,0,0,0,1,0,69,21,102,120,2,17,25,847,279.0,635.1
848,0,0,0,0,1,0,69,21,102,120,2,17,25,848,279.0,633.4
849,0,0,0,0,1,0,69,21,102,120,2,17,25,849,279.0,631.13
850,0,0,0,0,1,0,69,21,102,120,2,17,25,850,279.0,630.01
851,0,0,0,0,1,0,69,21,102,120,2,17,25,851,279.0,629.07
852,0,0,0,0,1,0,69,21,102,120,2,17,25,852,279.0,629.48
853,0,0,0,0,1,0,69,21,102,120,2,17,25,853,279.0,629.48
854,0,0,0,0,1,0,69,21,102,120,2,17,25,854,279.0,629.33
855,0,0,0,0,1,0,69,21,102,120,2,17,25,855,279.0,629.42
856,0,0,0,0,1,0,69,21,102,120,2,17,25,856,279.0,628.46
857,0,0,0,0,1,0,69,21,102,120,2,17,25,857,279.0,628.2
858,0,0,0,0,1,0,69,21,102,120,2,17,25,858,279.0,629.64
859,0,0,0,0,1,0,69,21,102,120,2,17,25,859,279.0,628.12
860,0,0,0,0,1,0,69,21,102,120,2,17,25,860,279.0,627.65
861,0,0,0,0,1,0,69,21,102,120,2,17,25,861,279.0,627.73
862,0,0,0,0,1,0,69,21,102,120,2,17,25,862,279.0,627.27
863,0,0,0,0,1,0,69,21,102,120,2,17,25,863,279.0,626.34
864,0,0,0,0,1,0,69,21,102,120,2,17,25,864,279.0,625.68
865,0,0,0,0,1,0,69,21,102,120,2,17,25,865,279.0,624.15
866,0,0,0,0,1,0,69,21,102,120,2,17,25,866,279.0,624.38
867,0,0,0,0,1,0,69,21,102,120,2,17,25,867,279.0,623.82
868,0,0,0,0,1,0,69,21,102,120,2,17,25,868,279.0,623.2
869,0,0,0,0,1,0,69,21,102,120,2,17,25,869,279.0,621.96
870,0,0,0,0,1,0,69,21,102,120,2,17,25,870,279.0,620.83
871,0,0,0,0,1,0,69,21,102,120,2,17,25,871,279.0,620.2
872,0,0,0,0,1,0,69,21,102,120,2,17,25,872,279.0,617.34
873,0,0,0,0,1,0,69,21,102,120,2,17,25,873,279.0,615.43
874,0,0,0,0,1,0,69,21,102,120,2,17,25,874,279.0,620.84
875,0,0,0,0,1,0,69,21,102,120,2,17,25,875,279.0,621.69
876,0,0,0,0,1,0,69,21,102,120,2,17,25,876,279.0,622.63
877,0,0,0,0,1,0,69,21,102,120,2,17,25,877,279.0,622.13
878,0,0,0,0,1,0,69,21,102,120,2,17,25,878,279.0,619.96
879,0,0,0,0,1,0,69,21,102,120,2,17,25,879,279.0,621.29
880,0,0,0,0,1,0,69,21,102,120,2,17,25,880,279.0,621.94
881,0,0,0,0,1,0,69,21,102,120,2,17,25,881,279.0,621.25
882,0,0,0,0,1,0,69,21,102,120,2,17,25,882,279.0,621.42
883,0,0,0,0,1,0,69,21,102,120,2,17,25,883,279.0,620.92
884,0,0,0,0,1,0,69,21,102,120,2,17,25,884,279.0,621.53
885,0,0,0,0,1,0,69,21,102,120,2,17,25,885,279.0,622.71
886,0,0,0,0,1,0,69,21,102,120,2,17,25,886,279.0,621.0
887,0,0,0,0,1,0,69,21,102,120,2,17,25,887,279.0,621.81
888,0,0,0,0,1,0,69,21,102,120,2,17,25,888,279.0,620.86
889,0,0,0,0,1,0,69,21,102,120,2,17,25,889,279.0,621.57
890,0,0,0,0,1,0,69,21,102,120,2,17,25,890,279.0,621.77
891,0,0,0,0,1,0,69,21,102,120,2,17,25,891,279.0,620.2
892,0,0,0,0,1,0,69,21,102,120,2,17,25,892,279.0,620.35
893,0,0,0,0,1,0,69,21,102,120,2,17,25,893,279.0,620.55
894,0,0,0,0,1,0,69,21,102,120,2,17,25,894,279.0,620.38
895,0,0,0,0,1,0,69,21,102,120,2,17,25,895,279.0,619.06
896,0,0,0,0,1,0,69,21,102,120,2,17,25,896,279.0,619.61
897,0,0,0,0,1,0,69,21,102,120,2,17,25,897,279.0,617.52
898,0,0,0,0,1,0,69,21,102,120,2,17,25,898,279.0,617.36
899,0,0,0,0,1,0,69,21,102,120,2,17,25,899,279.0,618.94
900,0,0,0,0,1,0,69,21,102,120,2,17,25,900,279.0,619.36
901,0,0,0,0,1,0,69,21,102,120,2,17,25,901,279.0,620.32
902,0,0,0,0,1,0,69,21,102,120,2,17,25,902,279.0,619.54
903,0,0,0,0,1,0,69,21,102,120,2,17,25,903,279.0,619.71
904,0,0,0,0,1,0,69,21,102,120,2,17,25,904,279.0,618.77
905,0,0,0,0,1,0,69,21,102,120,2,17,25,905,279.0,617.71
906,0,0,0,0,1,0,69,21,102,120,2,17,25,906,279.0,618.32
907,0,0,0,0,1,0,69,21,102,120,2,17,25,907,279.0,614.19
908,0,0,0,0,1,0,69,21,102,120,2,17,25,908,279.0,612.83
909,0,0,0,0,1,0,69,21,102,120,2,17,25,909,279.0,611.9
910,0,0,0,0,1,0,69,21,102,120,2,17,25,910,279.0,612.01
911,0,0,0,0,1,0,69,21,102,120,2,17,25,911,279.0,610.01
912,0,0,0,0,1,0,69,21,102,120,2,17,25,912,279.0,609.96
913,0,0,0,0,1,0,69,21,102,120,2,17,25,913,279.0,609.28
914,0,0,0,0,1,0,69,21,102,120,2,17,25,914,279.0,607.85
915,0,0,0,0,1,0,69,21,102,120,2,17,25,915,279.0,608.79
916,0,0,0,0,1,0,69,21,102,120,2,17,25,916,279.0,606.48
917,0,0,0,0,1,0,69,21,102,120,2,17,25,917,279.0,606.91
918,0,0,0,0,1,0,69,21,102,120,2,17,25,918,279.0,607.8
919,0,0,0,0,1,0,69,21,102,120,2,17,25,919,279.0,606.95
920,0,0,0,0,1,0,69,21,102,120,2,17,25,920,279.0,604.9
921,0,0,0,0,1,0,69,21,102,120,2,17,25,921,279.0,603.48
922,0,0,0,0,1,0,69,21,102,120,2,17,25,922,279.0,601.35
923,0,0,0,0,1,0,69,21,102,120,2,17,25,923,279.0,601.46
924,0,0,0,0,1,0,69,21,102,120,2,17,25,924,279.0,601.42
925,0,0,0,0,1,0,69,21,102,120,2,17,25,925,279.0,602.01
926,0,0,0,0,1,0,69,21,102,120,2,17,25,926,279.0,600.78
927,0,0,0,0,1,0,69,21,102,120,2,17,25,927,279.0,599.7
928,0,0,0,0,1,0,69,21,102,120,2,17,25,928,279.0,599.73
929,0,0,0,0,1,0,69,21,102,120,2,17,25,929,279.0,605.26
930,0,0,0,0,1,0,69,21,102,120,2,17,25,930,279.0,605.81
931,0,0,0,0,1,0,69,21,102,120,2,17,25,931,279.0,603.97
932,0,0,0,0,1,0,69,21,102,120,2,17,25,932,279.0,606.53
933,0,0,0,0,1,0,69,21,102,120,2,17,25,933,279.0,608.04
934,0,0,0,0,1,0,69,21,102,120,2,17,25,934,279.0,609.05
935,0,0,0,0,1,0,69,21,102,120,2,17,25,935,279.0,609.14
936,0,0,0,0,1,0,69,21,102,120,2,17,25,936,279.0,607.69
937,0,0,0,0,1,0,69,21,102,120,2,17,25,937,279.0,607.12
938,0,0,0,0,1,0,69,21,102,120,2,17,25,938,279.0,606.25
939,0,0,0,0,1,0,69,21,102,120,2,17,25,939,279.0,606.43
940,0,0,0,0,1,0,69,21,102,120,2,17,25,940,279.0,606.0
941,0,0,0,0,1,0,69,21,102,120,2,17,25,941,279.0,604.9
942,0,0,0,0,1,0,69,21,102,120,2,17,25,942,279.0,604.75
943,0,0,0,0,1,0,69,21,102,120,2,17,25,943,279.0,605.63
944,0,0,0,0,1,0,69,21,102,120,2,17,25,944,279.0,607.49
945,0,0,0,0,1,0,69,21,102,120,2,17,25,945,279.0,607.97
946,0,0,0,0,1,0,69,21,102,120,2,17,25,946,279.0,605.28
947,0,0,0,0,1,0,69,21,102,120,2,17,25,947,279.0,605.74
948,0,0,0,0,1,0,69,21,102,120,2,17,25,948,279.0,604.49
949,0,0,0,0,1,0,69,21,102,120,2,17,25,949,279.0,603.59
950,0,0,0,0,1,0,69,21,102,120,2,17,25,950,279.0,603.27
951,0,0,0,0,1,0,69,21,102,120,2,17,25,951,279.0,603.8
952,0,0,0,0,1,0,69,21,102,120,2,17,25,952,279.0,604.52
953,0,0,0,0,1,0,69,21,102,120,2,17,25,953,279.0,604.09
954,0,0,0,0,1,0,69,21,102,120,2,17,25,954,279.0,603.59
955,0,0,0,0,1,0,69,21,102,120,2,17,25,955,279.0,600.4
956,0,0,0,0,1,0,69,21,102,120,2,17,25,956,279.0,600.29
957,0,0,0,0,1,0,69,21,102,120,2,17,25,957,279.0,600.44
958,0,0,0,0,1,0,69,21,102,120,2,17,25,958,279.0,603.13
959,0,0,0,0,1,0,69,21,102,120,2,17,25,959,279.0,604.46
960,0,0,0,0,1,0,69,21,102,120,2,17,25,960,279.0,604.69
961,0,0,0,0,1,0,69,21,102,120,2,17,25,961,279.0,605.17
962,0,0,0,0,1,0,69,21,102,120,2,17,25,962,279.0,604.93
963,0,0,0,0,1,0,69,21,102,120,2,17,25,963,279.0,605.92
964,0,0,0,0,1,0,69,21,102,120,2,17,25,964,279.0,607.97
965,0,0,0,0,1,0,69,21,102,120,2,17,25,965,279.0,608.59
966,0,0,0,0,1,0,69,21,102,120,2,17,25,966,279.0,608.2
967,0,0,0,0,1,0,69,21,102,120,2,17,25,967,279.0,607.67
968,0,0,0,0,1,0,69,21,102,120,2,17,25,968,279.0,607.71
969,0,0,0,0,1,0,69,21,102,120,2,17,25,969,279.0,606.67
970,0,0,0,0,1,0,69,21,102,120,2,17,25,970,279.0,608.58
971,0,0,0,0,1,0,69,21,102,120,2,17,25,971,279.0,609.71
972,0,0,0,0,1,0,69,21,102,120,2,17,25,972,279.0,609.49
973,0,0,0,0,1,0,69,21,102,120,2,17,25,973,279.0,609.52
974,0,0,0,0,1,0,69,21,102,120,2,17,25,974,279.0,609.8
975,0,0,0,0,1,0,69,21,102,120,2,17,25,975,279.0,609.81
976,0,0,0,0,1,0,69,21,102,120,2,17,25,976,279.0,609.97
977,0,0,0,0,1,0,69,21,102,120,2,17,25,977,279.0,610.26
978,0,0,0,0,1,0,69,21,102,120,2,17,25,978,279.0,609.55
979,0,0,0,0,1,0,69,21,102,120,2,17,25,979,279.0,608.65
980,0,0,0,0,1,0,69,21,102,120,2,17,25,980,279.0,608.06
981,0,0,0,0,1,0,69,21,102,120,2,17,25,981,279.0,607.29
982,0,0,0,0,1,0,69,21,102,120,2,17,25,982,279.0,607.05
983,0,0,0,0,1,0,69,21,102,120,2,17,25,983,279.0,606.26
984,0,0,0,0,1,0,69,21,102,120,2,17,25,984,279.0,605.71
985,0,0,0,0,1,0,69,21,102,120,2,17,25,985,279.0,605.22
986,0,0,0,0,1,0,69,21,102,120,2,17,25,986,279.0,605.14
987,0,0,0,0,1,0,69,21,102,120,2,17,25,987,279.0,605.9
988,0,0,0,0,1,0,69,21,102,120,2,17,25,988,279.0,605.4
989,0,0,0,0,1,0,69,21,102,120,2,17,25,989,279.0,605.08
990,0,0,0,0,1,0,69,21,102,120,2,17,25,990,279.0,604.06
991,0,0,0,0,1,0,69,21,102,120,2,17,25,991,279.0,604.49
992,0,0,0,0,1,0,69,21,102,120,2,17,25,992,279.0,604.74
993,0,0,0,0,1,0,69,21,102,120,2,17,25,993,279.0,604.19
994,0,0,0,0,1,0,69,21,102,120,2,17,25,994,279.0,603.12
995,0,0,0,0,1,0,69,21,102,120,2,17,25,995,279.0,604.2
996,0,0,0,0,1,0,69,21,102,120,2,17,25,996,279.0,603.97
997,0,0,0,0,1,0,69,21,102,120,2,17,25,997,279.0,602.46
998,0,0,0,0,1,0,69,21,102,120,2,17,25,998,279.0,601.75
999,0,0,0,0,1,0,69,21,102,120,2,17,25,999,279.0,601.55
1000,0,0,0,0,1,0,69,21,102,120,2,17,25,1000,279.0,601.15
1001,0,0,0,0,1,0,69,21,102,120,2,17,25,1001,279.0,599.35
1002,0,0,0,0,1,0,69,21,102,120,2,17,25,1002,279.0,599.49
1003,0,0,0,0,1,0,69,21,102,120,2,17,25,1003,279.0,598.71
1004,0,0,0,0,1,0,69,21,102,120,2,17,25,1004,279.0,598.74
1005,0,0,0,0,1,0,69,21,102,120,2,17,25,1005,279.0,598.05
1006,0,0,0,0,1,0,69,21,102,120,2,17,25,1006,279.0,597.73
1007,0,0,0,0,1,0,69,21,102,120,2,17,25,1007,279.0,596.52
1008,0,0,0,0,1,0,69,21,102,120,2,17,25,1008,279.0,596.67
1009,0,0,0,0,1,0,69,21,102,120,2,17,25,1009,279.0,597.72
1010,0,0,0,0,1,0,69,21,102,120,2,17,25,1010,279.0,597.06
1011,0,0,0,0,1,0,69,21,102,120,2,17,25,1011,279.0,597.29
1012,0,0,0,0,1,0,69,21,102,120,2,17,25,1012,279.0,597.33
1013,0,0,0,0,1,0,69,21,102,120,2,17,25,1013,279.0,596.84
1014,0,0,0,0,1,0,69,21,102,120,2,17,25,1014,279.0,597.1
1015,0,0,0,0,1,0,69,21,102,120,2,17,25,1015,279.0,597.3
1016,0,0,0,0,1,0,69,21,102,120,2,17,25,1016,279.0,597.84
1017,0,0,0,0,1,0,69,21,102,120,2,17,25,1017,279.0,598.02
1018,0,0,0,0,1,0,69,21,102,120,2,17,25,1018,279.0,289.97
1019,0,0,0,0,1,0,69,21,102,120,2,17,25,1019,279.0,597.49
1020,0,0,0,0,1,0,69,21,102,120,2,17,25,1020,279.0,596.35
1021,0,0,0,0,1,0,69,21,102,120,2,17,25,1021,279.0,596.02
1022,0,0,0,0,1,0,69,21,102,120,2,17,25,1022,279.0,596.39
1023,0,0,0,0,1,0,69,21,102,120,2,17,25,1023,279.0,596.31
1024,0,0,0,0,1,0,69,21,102,120,2,17,25,1024,279.0,596.18
1025,0,0,0,0,1,0,69,21,102,120,2,17,25,1025,279.0,596.38
1026,0,0,0,0,1,0,69,21,102,120,2,17,25,1026,279.0,596.22
1027,0,0,0,0,1,0,69,21,102,120,2,17,25,1027,279.0,596.64
1028,0,0,0,0,1,0,69,21,102,120,2,17,25,1028,279.0,596.19
1029,0,0,0,0,1,0,69,21,102,120,2,17,25,1029,279.0,596.82
1030,0,0,0,0,1,0,69,21,102,120,2,17,25,1030,279.0,596.81
1031,0,0,0,0,1,0,69,21,102,120,2,17,25,1031,279.0,595.04
1032,0,0,0,0,1,0,69,21,102,120,2,17,25,1032,279.0,593.74
1033,0,0,0,0,1,0,69,21,102,120,2,17,25,1033,279.0,593.57
1034,0,0,0,0,1,0,69,21,102,120,2,17,25,1034,279.0,592.32
1035,0,0,0,0,1,0,69,21,102,120,2,17,25,1035,279.0,592.59
1036,0,0,0,0,1,0,69,21,102,120,2,17,25,1036,279.0,591.61
1037,0,0,0,0,1,0,69,21,102,120,2,17,25,1037,279.0,591.72
1038,0,0,0,0,1,0,69,21,102,120,2,17,25,1038,279.0,589.64
1039,0,0,0,0,1,0,69,21,102,120,2,17,25,1039,279.0,591.3
1040,0,0,0,0,1,0,69,21,102,120,2,17,25,1040,279.0,590.68
1041,0,0,0,0,1,0,69,21,102,120,2,17,25,1041,279.0,590.68
1042,0,0,0,0,1,0,69,21,102,120,2,17,25,1042,279.0,591.11
1043,0,0,0,0,1,0,69,21,102,120,2,17,25,1043,279.0,591.36
1044,0,0,0,0,1,0,69,21,102,120,2,17,25,1044,279.0,592.1
1045,0,0,0,0,1,0,69,21,102,120,2,17,25,1045,279.0,592.22
1046,0,0,0,0,1,0,69,21,102,120,2,17,25,1046,279.0,590.66
1047,0,0,0,0,1,0,69,21,102,120,2,17,25,1047,279.0,591.96
1048,0,0,0,0,1,0,69,21,102,120,2,17,25,1048,279.0,592.54
1049,0,0,0,0,1,0,69,21,102,120,2,17,25,1049,279.0,592.91
1050,0,0,0,0,1,0,69,21,102,120,2,17,25,1050,279.0,593.02
1051,0,0,0,0,1,0,69,21,102,120,2,17,25,1051,279.0,592.34
1052,0,0,0,0,1,0,69,21,102,120,2,17,25,1052,279.0,591.99
1053,0,0,0,0,1,0,69,21,102,120,2,17,25,1053,279.0,591.73
1054,0,0,0,0,1,0,69,21,102,120,2,17,25,1054,279.0,591.61
1055,0,0,0,0,1,0,69,21,102,120,2,17,25,1055,279.0,592.52
1056,0,0,0,0,1,0,69,21,102,120,2,17,25,1056,279.0,592.6
1057,0,0,0,0,1,0,69,21,102,120,2,17,25,1057,279.0,594.67
1058,0,0,0,0,1,0,69,21,102,120,2,17,25,1058,279.0,596.67
1059,0,0,0,0,1,0,69,21,102,120,2,17,25,1059,279.0,596.93
1060,0,0,0,0,1,0,69,21,102,120,2,17,25,1060,279.0,597.78
1061,0,0,0,0,1,0,69,21,102,120,2,17,25,1061,279.0,598.82
1062,0,0,0,0,1,0,69,21,102,120,2,17,25,1062,279.0,599.99
1063,0,0,0,0,1,0,69,21,102,120,2,17,25,1063,279.0,600.66
1064,0,0,0,0,1,0,69,21,102,120,2,17,25,1064,279.0,601.38
1065,0,0,0,0,1,0,69,21,102,120,2,17,25,1065,279.0,602.07
1066,0,0,0,0,1,0,69,21,102,120,2,17,25,1066,279.0,602.88
1067,0,0,0,0,1,0,69,21,102,120,2,17,25,1067,279.0,602.73
1068,0,0,0,0,1,0,69,21,102,120,2,17,25,1068,279.0,603.27
1069,0,0,0,0,1,0,69,21,102,120,2,17,25,1069,279.0,604.67
1070,0,0,0,0,1,0,69,21,102,120,2,17,25,1070,279.0,605.81
1071,0,0,0,0,1,0,69,21,102,120,2,17,25,1071,279.0,607.46
1072,0,0,0,0,1,0,69,21,102,120,2,17,25,1072,279.0,608.33
1073,0,0,0,0,1,0,69,21,102,120,2,17,25,1073,279.0,609.77
1074,0,0,0,0,1,0,69,21,102,120,2,17,25,1074,279.0,611.22
1075,0,0,0,0,1,0,69,21,102,120,2,17,25,1075,279.0,611.23
1076,0,0,0,0,1,0,69,21,102,120,2,17,25,1076,279.0,612.34
1077,0,0,0,0,1,0,69,21,102,120,2,17,25,1077,279.0,612.47
1078,0,0,0,0,1,0,69,21,102,120,2,17,25,1078,279.0,615.63
1079,0,0,0,0,1,0,69,21,102,120,2,17,25,1079,279.0,615.39
1080,0,0,0,0,1,0,69,21,102,120,2,17,25,1080,279.0,616.0
1081,0,0,0,0,1,0,69,21,102,120,2,17,25,1081,279.0,617.57
1082,0,0,0,0,1,0,69,21,102,120,2,17,25,1082,279.0,618.86
1083,0,0,0,0,1,0,69,21,102,120,2,17,25,1083,279.0,618.46
1084,0,0,0,0,1,0,69,21,102,120,2,17,25,1084,279.0,618.3
1085,0,0,0,0,1,0,69,21,102,120,2,17,25,1085,279.0,622.82
1086,0,0,0,0,1,0,69,21,102,120,2,17,25,1086,279.0,621.64
1087,0,0,0,0,1,0,69,21,102,120,2,17,25,1087,279.0,623.42
1088,0,0,0,0,1,0,69,21,102,120,2,17,25,1088,279.0,621.74
1089,0,0,0,0,1,0,69,21,102,120,2,17,25,1089,279.0,621.58
1090,0,0,0,0,1,0,69,21,102,120,2,17,25,1090,279.0,621.03
1091,0,0,0,0,1,0,69,21,102,120,2,17,25,1091,279.0,620.95
1092,0,0,0,0,1,0,69,21,102,120,2,17,25,1092,279.0,622.38
1093,0,0,0,0,1,0,69,21,102,120,2,17,25,1093,279.0,622.43
1094,0,0,0,0,1,0,69,21,102,120,2,17,25,1094,279.0,621.93
1095,0,0,0,0,1,0,69,21,102,120,2,17,25,1095,279.0,620.63
1096,0,0,0,0,1,0,69,21,102,120,2,17,25,1096,279.0,621.2
1097,0,0,0,0,1,0,69,21,102,120,2,17,25,1097,279.0,618.95
1098,0,0,0,0,1,0,69,21,102,120,2,17,25,1098,279.0,618.66
1099,0,0,0,0,1,0,69,21,102,120,2,17,25,1099,279.0,617.4
1100,0,0,0,0,1,0,69,21,102,120,2,17,25,1100,279.0,617.1
1101,0,0,0,0,1,0,69,21,102,120,2,17,25,1101,279.0,614.77
1102,0,0,0,0,1,0,69,21,102,120,2,17,25,1102,279.0,613.93
1103,0,0,0,0,1,0,69,21,102,120,2,17,25,1103,279.0,614.3
1104,0,0,0,0,1,0,69,21,102,120,2,17,25,1104,279.0,611.32
1105,0,0,0,0,1,0,69,21,102,120,2,17,25,1105,279.0,611.26
1106,0,0,0,0,1,0,69,21,102,120,2,17,25,1106,279.0,611.45
1107,0,0,0,0,1,0,69,21,102,120,2,17,25,1107,279.0,610.29
1108,0,0,0,0,1,0,69,21,102,120,2,17,25,1108,279.0,610.3
1109,0,0,0,0,1,0,69,21,102,120,2,17,25,1109,279.0,610.72
1110,0,0,0,0,1,0,69,21,102,120,2,17,25,1110,279.0,609.33
1111,0,0,0,0,1,0,69,21,102,120,2,17,25,1111,279.0,609.47
1112,0,0,0,0,1,0,69,21,102,120,2,17,25,1112,279.0,610.62
1113,0,0,0,0,1,0,69,21,102,120,2,17,25,1113,279.0,611.78
1114,0,0,0,0,1,0,69,21,102,120,2,17,25,1114,279.0,609.8
1115,0,0,0,0,1,0,69,21,102,120,2,17,25,1115,279.0,610.06
1116,0,0,0,0,1,0,69,21,102,120,2,17,25,1116,279.0,609.57
1117,0,0,0,0,1,0,69,21,102,120,2,17,25,1117,279.0,608.42
1118,0,0,0,0,1,0,69,21,102,120,2,17,25,1118,279.0,607.47
1119,0,0,0,0,1,0,69,21,102,120,2,17,25,1119,279.0,608.47
1120,0,0,0,0,1,0,69,21,102,120,2,17,25,1120,279.0,606.83
1121,0,0,0,0,1,0,69,21,102,120,2,17,25,1121,279.0,605.93
1122,0,0,0,0,1,0,69,21,102,120,2,17,25,1122,279.0,605.3
1123,0,0,0,0,1,0,69,21,102,120,2,17,25,1123,279.0,603.69
1124,0,0,0,0,1,0,69,21,102,120,2,17,25,1124,279.0,602.33
1125,0,0,0,0,1,0,69,21,102,120,2,17,25,1125,279.0,602.48
1126,0,0,0,0,1,0,69,21,102,120,2,17,25,1126,279.0,602.05
1127,0,0,0,0,1,0,69,21,102,120,2,17,25,1127,279.0,602.0
1128,0,0,0,0,1,0,69,21,102,120,2,17,25,1128,279.0,601.17
1129,0,0,0,0,1,0,69,21,102,120,2,17,25,1129,279.0,598.1
1130,0,0,0,0,1,0,69,21,102,120,2,17,25,1130,279.0,597.29
1131,0,0,0,0,1,0,69,21,102,120,2,17,25,1131,279.0,597.61
1132,0,0,0,0,1,0,69,21,102,120,2,17,25,1132,279.0,597.79
1133,0,0,0,0,1,0,69,21,102,120,2,17,25,1133,279.0,598.45
1134,0,0,0,0,1,0,69,21,102,120,2,17,25,1134,279.0,598.83
1135,0,0,0,0,1,0,69,21,102,120,2,17,25,1135,279.0,597.84
1136,0,0,0,0,1,0,69,21,102,120,2,17,25,1136,279.0,596.71
1137,0,0,0,0,1,0,69,21,102,120,2,17,25,1137,279.0,596.61
1138,0,0,0,0,1,0,69,21,102,120,2,17,25,1138,279.0,594.19
1139,0,0,0,0,1,0,69,21,102,120,2,17,25,1139,279.0,593.61
1140,0,0,0,0,1,0,69,21,102,120,2,17,25,1140,279.0,593.39
1141,0,0,0,0,1,0,69,21,102,120,2,17,25,1141,279.0,591.88
1142,0,0,0,0,1,0,69,21,102,120,2,17,25,1142,279.0,591.59
1143,0,0,0,0,1,0,69,21,102,120,2,17,25,1143,279.0,297.55
1144,0,0,0,0,1,0,69,21,102,120,2,17,25,1144,279.0,589.85
1145,0,0,0,0,1,0,69,21,102,120,2,17,25,1145,279.0,589.64
1146,0,0,0,0,1,0,69,21,102,120,2,17,25,1146,279.0,588.42
1147,0,0,0,0,1,0,69,21,102,120,2,17,25,1147,279.0,587.49
1148,0,0,0,0,1,0,69,21,102,120,2,17,25,1148,279.0,586.6
1149,0,0,0,0,1,0,69,21,102,120,2,17,25,1149,279.0,585.95
1150,0,0,0,0,1,0,69,21,102,120,2,17,25,1150,279.0,585.65
1151,0,0,0,0,1,0,69,21,102,120,2,17,25,1151,279.0,586.78
1152,0,0,0,0,1,0,69,21,102,120,2,17,25,1152,279.0,586.55
1153,0,0,0,0,1,0,69,21,102,120,2,17,25,1153,279.0,587.25
1154,0,0,0,0,1,0,69,21,102,120,2,17,25,1154,279.0,587.29
1155,0,0,0,0,1,0,69,21,102,120,2,17,25,1155,279.0,587.94
1156,0,0,0,0,1,0,69,21,102,120,2,17,25,1156,279.0,586.31
1157,0,0,0,0,1,0,69,21,102,120,2,17,25,1157,279.0,586.17
1158,0,0,0,0,1,0,69,21,102,120,2,17,25,1158,279.0,585.09
1159,0,0,0,0,1,0,69,21,102,120,2,17,25,1159,279.0,586.4
1160,0,0,0,0,1,0,69,21,102,120,2,17,25,1160,279.0,584.51
1161,0,0,0,0,1,0,69,21,102,120,2,17,25,1161,279.0,584.19
1162,0,0,0,0,1,0,69,21,102,120,2,17,25,1162,279.0,583.15
1163,0,0,0,0,1,0,69,21,102,120,2,17,25,1163,279.0,583.12
1164,0,0,0,0,1,0,69,21,102,120,2,17,25,1164,279.0,581.91
1165,0,0,0,0,1,0,69,21,102,120,2,17,25,1165,279.0,582.62
1166,0,0,0,0,1,0,69,21,102,120,2,17,25,1166,279.0,583.5
1167,0,0,0,0,1,0,69,21,102,120,2,17,25,1167,279.0,583.73
1168,0,0,0,0,1,0,69,21,102,120,2,17,25,1168,279.0,584.01
1169,0,0,0,0,1,0,69,21,102,120,2,17,25,1169,279.0,583.19
1170,0,0,0,0,1,0,69,21,102,120,2,17,25,1170,279.0,580.65
1171,0,0,0,0,1,0,69,21,102,120,2,17,25,1171,279.0,579.2
1172,0,0,0,0,1,0,69,21,102,120,2,17,25,1172,279.0,579.87
1173,0,0,0,0,1,0,69,21,102,120,2,17,25,1173,279.0,579.76
1174,0,0,0,0,1,0,69,21,102,120,2,17,25,1174,279.0,579.92
1175,0,0,0,0,1,0,69,21,102,120,2,17,25,1175,279.0,579.62
1176,0,0,0,0,1,0,69,21,102,120,2,17,25,1176,279.0,579.84
1177,0,0,0,0,1,0,69,21,102,120,2,17,25,1177,279.0,579.39
1178,0,0,0,0,1,0,69,21,102,120,2,17,25,1178,279.0,579.04
1179,0,0,0,0,1,0,69,21,102,120,2,17,25,1179,279.0,578.59
1180,0,0,0,0,1,0,69,21,102,120,2,17,25,1180,279.0,578.2
1181,0,0,0,0,1,0,69,21,102,120,2,17,25,1181,279.0,579.73
1182,0,0,0,0,1,0,69,21,102,120,2,17,25,1182,279.0,581.08
1183,0,0,0,0,1,0,69,21,102,120,2,17,25,1183,279.0,580.17
1184,0,0,0,0,1,0,69,21,102,120,2,17,25,1184,279.0,579.79
1185,0,0,0,0,1,0,69,21,102,120,2,17,25,1185,279.0,579.01
1186,0,0,0,0,1,0,69,21,102,120,2,17,25,1186,279.0,578.83
1187,0,0,0,0,1,0,69,21,102,120,2,17,25,1187,279.0,579.06
1188,0,0,0,0,1,0,69,21,102,120,2,17,25,1188,279.0,579.8
1189,0,0,0,0,1,0,69,21,102,120,2,17,25,1189,279.0,580.14
1190,0,0,0,0,1,0,69,21,102,120,2,17,25,1190,279.0,579.95
1191,0,0,0,0,1,0,69,21,102,120,2,17,25,1191,279.0,579.87
1192,0,0,0,0,1,0,69,21,102,120,2,17,25,1192,279.0,580.38
1193,0,0,0,0,1,0,69,21,102,120,2,17,25,1193,279.0,578.59
1194,0,0,0,0,1,0,69,21,102,120,2,17,25,1194,279.0,579.64
1195,0,0,0,0,1,0,69,21,102,120,2,17,25,1195,279.0,582.46
1196,0,0,0,0,1,0,69,21,102,120,2,17,25,1196,279.0,581.91
1197,0,0,0,0,1,0,69,21,102,120,2,17,25,1197,279.0,581.35
1198,0,0,0,0,1,0,69,21,102,120,2,17,25,1198,279.0,580.83
1199,0,0,0,0,1,0,69,21,102,120,2,17,25,1199,279.0,580.17
1200,0,0,0,0,1,0,69,21,102,120,2,17,25,1200,279.0,581.04
1201,0,0,0,0,1,0,69,21,102,120,2,17,25,1201,279.0,580.71
1202,0,0,0,0,1,0,69,21,102,120,2,17,25,1202,279.0,582.42
1203,0,0,0,0,1,0,69,21,102,120,2,17,25,1203,279.0,582.42
1204,0,0,0,0,1,0,69,21,102,120,2,17,25,1204,279.0,581.15
1205,0,0,0,0,1,0,69,21,102,120,2,17,25,1205,279.0,581.85
1206,0,0,0,0,1,0,69,21,102,120,2,17,25,1206,279.0,580.54
1207,0,0,0,0,1,0,69,21,102,120,2,17,25,1207,279.0,580.58
1208,0,0,0,0,1,0,69,21,102,120,2,17,25,1208,279.0,579.77
1209,0,0,0,0,1,0,69,21,102,120,2,17,25,1209,279.0,580.8
1210,0,0,0,0,1,0,69,21,102,120,2,17,25,1210,279.0,580.92
1211,0,0,0,0,1,0,69,21,102,120,2,17,25,1211,279.0,278.38
1212,0,0,0,0,1,0,69,21,102,120,2,17,25,1212,279.0,579.08
1213,0,0,0,0,1,0,69,21,102,120,2,17,25,1213,279.0,578.92
1214,0,0,0,0,1,0,69,21,102,120,2,17,25,1214,279.0,580.41
1215,0,0,0,0,1,0,69,21,102,120,2,17,25,1215,279.0,581.23
1216,0,0,0,0,1,0,69,21,102,120,2,17,25,1216,279.0,581.35
1217,0,0,0,0,1,0,69,21,102,120,2,17,25,1217,279.0,581.28
1218,0,0,0,0,1,0,69,21,102,120,2,17,25,1218,279.0,580.71
1219,0,0,0,0,1,0,69,21,102,120,2,17,25,1219,279.0,579.31
1220,0,0,0,0,1,0,69,21,102,120,2,17,25,1220,279.0,580.32
1221,0,0,0,0,1,0,69,21,102,120,2,17,25,1221,279.0,579.58
1222,0,0,0,0,1,0,69,21,102,120,2,17,25,1222,279.0,578.64
1223,0,0,0,0,1,0,69,21,102,120,2,17,25,1223,279.0,579.75
1224,0,0,0,0,1,0,69,21,102,120,2,17,25,1224,279.0,579.15
1225,0,0,0,0,1,0,69,21,102,120,2,17,25,1225,279.0,580.67
1226,0,0,0,0,1,0,69,21,102,120,2,17,25,1226,279.0,581.2
1227,0,0,0,0,1,0,69,21,102,120,2,17,25,1227,279.0,580.25
1228,0,0,0,0,1,0,69,21,102,120,2,17,25,1228,279.0,578.96
1229,0,0,0,0,1,0,69,21,102,120,2,17,25,1229,279.0,579.24
1230,0,0,0,0,1,0,69,21,102,120,2,17,25,1230,279.0,579.1
1231,0,0,0,0,1,0,69,21,102,120,2,17,25,1231,279.0,579.82
1232,0,0,0,0,1,0,69,21,102,120,2,17,25,1232,279.0,579.97
1233,0,0,0,0,1,0,69,21,102,120,2,17,25,1233,279.0,580.36
1234,0,0,0,0,1,0,69,21,102,120,2,17,25,1234,279.0,579.88
1235,0,0,0,0,1,0,69,21,102,120,2,17,25,1235,279.0,579.82
1236,0,0,0,0,1,0,69,21,102,120,2,17,25,1236,279.0,579.63
1237,0,0,0,0,1,0,69,21,102,120,2,17,25,1237,279.0,578.82
1238,0,0,0,0,1,0,69,21,102,120,2,17,25,1238,279.0,576.78
1239,0,0,0,0,1,0,69,21,102,120,2,17,25,1239,279.0,577.94
1240,0,0,0,0,1,0,69,21,102,120,2,17,25,1240,279.0,577.07
1241,0,0,0,0,1,0,69,21,102,120,2,17,25,1241,279.0,576.31
1242,0,0,0,0,1,0,69,21,102,120,2,17,25,1242,279.0,576.79
1243,0,0,0,0,1,0,69,21,102,120,2,17,25,1243,279.0,576.75
1244,0,0,0,0,1,0,69,21,102,120,2,17,25,1244,279.0,576.43
1245,0,0,0,0,1,0,69,21,102,120,2,17,25,1245,279.0,576.21
1246,0,0,0,0,1,0,69,21,102,120,2,17,25,1246,279.0,576.31
1247,0,0,0,0,1,0,69,21,102,120,2,17,25,1247,279.0,576.09
1248,0,0,0,0,1,0,69,21,102,120,2,17,25,1248,279.0,575.92
1249,0,0,0,0,1,0,69,21,102,120,2,17,25,1249,279.0,575.58
1250,0,0,0,0,1,0,69,21,102,120,2,17,25,1250,279.0,576.18
1251,0,0,0,0,1,0,69,21,102,120,2,17,25,1251,279.0,575.03
1252,0,0,0,0,1,0,69,21,102,120,2,17,25,1252,279.0,574.26
1253,0,0,0,0,1,0,69,21,102,120,2,17,25,1253,279.0,574.93
1254,0,0,0,0,1,0,69,21,102,120,2,17,25,1254,279.0,574.19
1255,0,0,0,0,1,0,69,21,102,120,2,17,25,1255,279.0,573.51
1256,0,0,0,0,1,0,69,21,102,120,2,17,25,1256,279.0,573.65
1257,0,0,0,0,1,0,69,21,102,120,2,17,25,1257,279.0,576.28
1258,0,0,0,0,1,0,69,21,102,120,2,17,25,1258,279.0,576.06
1259,0,0,0,0,1,0,69,21,102,120,2,17,25,1259,279.0,574.26
1260,0,0,0,0,1,0,69,21,102,120,2,17,25,1260,279.0,571.93
1261,0,0,0,0,1,0,69,21,102,120,2,17,25,1261,279.0,569.97
1262,0,0,0,0,1,0,69,21,102,120,2,17,25,1262,279.0,568.58
1263,0,0,0,0,1,0,69,21,102,120,2,17,25,1263,279.0,568.16
1264,0,0,0,0,1,0,69,21,102,120,2,17,25,1264,279.0,567.82
1265,0,0,0,0,1,0,69,21,102,120,2,17,25,1265,279.0,567.05
1266,0,0,0,0,1,0,69,21,102,120,2,17,25,1266,279.0,566.11
1267,0,0,0,0,1,0,69,21,102,120,2,17,25,1267,279.0,565.44
1268,0,0,0,0,1,0,69,21,102,120,2,17,25,1268,279.0,563.09
1269,0,0,0,0,1,0,69,21,102,120,2,17,25,1269,279.0,562.27
1270,0,0,0,0,1,0,69,21,102,120,2,17,25,1270,279.0,561.24
1271,0,0,0,0,1,0,69,21,102,120,2,17,25,1271,279.0,561.74
1272,0,0,0,0,1,0,69,21,102,120,2,17,25,1272,279.0,560.56
1273,0,0,0,0,1,0,69,21,102,120,2,17,25,1273,279.0,269.06
1274,0,0,0,0,1,0,69,21,102,120,2,17,25,1274,279.0,558.27
1275,0,0,0,0,1,0,69,21,102,120,2,17,25,1275,279.0,557.03
1276,0,0,0,0,1,0,69,21,102,120,2,17,25,1276,279.0,556.79
1277,0,0,0,0,1,0,69,21,102,120,2,17,25,1277,279.0,556.82
1278,0,0,0,0,1,0,69,21,102,120,2,17,25,1278,279.0,557.93
1279,0,0,0,0,1,0,69,21,102,120,2,17,25,1279,279.0,556.82
1280,0,0,0,0,1,0,69,21,102,120,2,17,25,1280,279.0,554.68
1281,0,0,0,0,1,0,69,21,102,120,2,17,25,1281,279.0,554.89
1282,0,0,0,0,1,0,69,21,102,120,2,17,25,1282,279.0,265.76
1283,0,0,0,0,1,0,69,21,102,120,2,17,25,1283,279.0,553.57
1284,0,0,0,0,1,0,69,21,102,120,2,17,25,1284,279.0,553.91
1285,0,0,0,0,1,0,69,21,102,120,2,17,25,1285,279.0,553.32
1286,0,0,0,0,1,0,69,21,102,120,2,17,25,1286,279.0,553.73
1287,0,0,0,0,1,0,69,21,102,120,2,17,25,1287,279.0,552.82
1288,0,0,0,0,1,0,69,21,102,120,2,17,25,1288,279.0,552.54
1289,0,0,0,0,1,0,69,21,102,120,2,17,25,1289,279.0,551.42
1290,0,0,0,0,1,0,69,21,102,120,2,17,25,1290,279.0,549.42
1291,0,0,0,0,1,0,69,21,102,120,2,17,25,1291,279.0,547.39
1292,0,0,0,0,1,0,69,21,102,120,2,17,25,1292,279.0,546.89
1293,0,0,0,0,1,0,69,21,102,120,2,17,25,1293,279.0,546.51
1294,0,0,0,0,1,0,69,21,102,120,2,17,25,1294,279.0,546.56
1295,0,0,0,0,1,0,69,21,102,120,2,17,25,1295,279.0,546.44
1296,0,0,0,0,1,0,69,21,102,120,2,17,25,1296,279.0,547.26
1297,0,0,0,0,1,0,69,21,102,120,2,17,25,1297,279.0,547.54
1298,0,0,0,0,1,0,69,21,102,120,2,17,25,1298,279.0,547.88
1299,0,0,0,0,1,0,69,21,102,120,2,17,25,1299,279.0,548.8
1300,0,0,0,0,1,0,69,21,102,120,2,17,25,1300,279.0,549.25
1301,0,0,0,0,1,0,69,21,102,120,2,17,25,1301,279.0,260.56
1302,0,0,0,0,1,0,69,21,102,120,2,17,25,1302,279.0,547.22
1303,0,0,0,0,1,0,69,21,102,120,2,17,25,1303,279.0,545.71
1304,0,0,0,0,1,0,69,21,102,120,2,17,25,1304,279.0,546.41
1305,0,0,0,0,1,0,69,21,102,120,2,17,25,1305,279.0,546.29
1306,0,0,0,0,1,0,69,21,102,120,2,17,25,1306,279.0,545.59
1307,0,0,0,0,1,0,69,21,102,120,2,17,25,1307,279.0,545.98
1308,0,0,0,0,1,0,69,21,102,120,2,17,25,1308,279.0,545.57
1309,0,0,0,0,1,0,69,21,102,120,2,17,25,1309,279.0,545.56
1310,0,0,0,0,1,0,69,21,102,120,2,17,25,1310,279.0,544.1
1311,0,0,0,0,1,0,69,21,102,120,2,17,25,1311,279.0,543.68
1312,0,0,0,0,1,0,69,21,102,120,2,17,25,1312,279.0,543.82
1313,0,0,0,0,1,0,69,21,102,120,2,17,25,1313,279.0,544.33
1314,0,0,0,0,1,0,69,21,102,120,2,17,25,1314,279.0,543.42
1315,0,0,0,0,1,0,69,21,102,120,2,17,25,1315,279.0,251.4
1316,0,0,0,0,1,0,69,21,102,120,2,17,25,1316,279.0,545.55
1317,0,0,0,0,1,0,69,21,102,120,2,17,25,1317,279.0,546.76
1318,0,0,0,0,1,0,69,21,102,120,2,17,25,1318,279.0,549.59
1319,0,0,0,0,1,0,69,21,102,120,2,17,25,1319,279.0,550.24
1320,0,0,0,0,1,0,69,21,102,120,2,17,25,1320,279.0,549.62
1321,0,0,0,0,1,0,69,21,102,120,2,17,25,1321,279.0,551.3
1322,0,0,0,0,1,0,69,21,102,120,2,17,25,1322,279.0,550.67
1323,0,0,0,0,1,0,69,21,102,120,2,17,25,1323,279.0,552.42
1324,0,0,0,0,1,0,69,21,102,120,2,17,25,1324,279.0,551.22
1325,0,0,0,0,1,0,69,21,102,120,2,17,25,1325,279.0,552.58
1326,0,0,0,0,1,0,69,21,102,120,2,17,25,1326,279.0,552.61
1327,0,0,0,0,1,0,69,21,102,120,2,17,25,1327,279.0,553.13
1328,0,0,0,0,1,0,69,21,102,120,2,17,25,1328,279.0,553.4
1329,0,0,0,0,1,0,69,21,102,120,2,17,25,1329,279.0,553.21
1330,0,0,0,0,1,0,69,21,102,120,2,17,25,1330,279.0,553.8
1331,0,0,0,0,1,0,69,21,102,120,2,17,25,1331,279.0,553.3
1332,0,0,0,0,1,0,69,21,102,120,2,17,25,1332,279.0,552.88
1333,0,0,0,0,1,0,69,21,102,120,2,17,25,1333,279.0,551.15
1334,0,0,0,0,1,0,69,21,102,120,2,17,25,1334,279.0,550.58
1335,0,0,0,0,1,0,69,21,102,120,2,17,25,1335,279.0,547.92
1336,0,0,0,0,1,0,69,21,102,120,2,17,25,1336,279.0,547.11
1337,0,0,0,0,1,0,69,21,102,120,2,17,25,1337,279.0,546.73
1338,0,0,0,0,1,0,69,21,102,120,2,17,25,1338,279.0,547.02
1339,0,0,0,0,1,0,69,21,102,120,2,17,25,1339,279.0,546.1
1340,0,0,0,0,1,0,69,21,102,120,2,17,25,1340,279.0,546.55
1341,0,0,0,0,1,0,69,21,102,120,2,17,25,1341,279.0,547.18
1342,0,0,0,0,1,0,69,21,102,120,2,17,25,1342,279.0,547.22
1343,0,0,0,0,1,0,69,21,102,120,2,17,25,1343,279.0,248.66
1344,0,0,0,0,1,0,69,21,102,120,2,17,25,1344,279.0,547.25
1345,0,0,0,0,1,0,69,21,102,120,2,17,25,1345,279.0,547.12
1346,0,0,0,0,1,0,69,21,102,120,2,17,25,1346,279.0,546.4
1347,0,0,0,0,1,0,69,21,102,120,2,17,25,1347,279.0,544.48
1348,0,0,0,0,1,0,69,21,102,120,2,17,25,1348,279.0,545.42
1349,0,0,0,0,1,0,69,21,102,120,2,17,25,1349,279.0,545.23
1350,0,0,0,0,1,0,69,21,102,120,2,17,25,1350,279.0,544.71
1351,0,0,0,0,1,0,69,21,102,120,2,17,25,1351,276.0,543.63
1352,0,0,0,0,1,0,69,21,102,120,2,17,25,1352,276.0,543.68
1353,0,0,0,0,1,0,69,21,102,120,2,17,25,1353,276.0,542.58
1354,0,0,0,0,1,0,69,21,102,120,2,17,25,1354,276.0,545.0
1355,0,0,0,0,1,0,69,21,102,120,2,17,25,1355,276.0,544.38
1356,0,0,0,0,1,0,69,21,102,120,2,17,25,1356,276.0,545.46
1357,0,0,0,0,1,0,69,21,102,120,2,17,25,1357,276.0,546.11
1358,0,0,0,0,1,0,69,21,102,120,2,17,25,1358,276.0,545.47
1359,0,0,0,0,1,0,69,21,102,120,2,17,25,1359,276.0,544.87
1360,0,0,0,0,1,0,69,21,102,120,2,17,25,1360,276.0,544.5
1361,0,0,0,0,1,0,69,21,102,120,2,17,25,1361,276.0,544.52
1362,0,0,0,0,1,0,69,21,102,120,2,17,25,1362,276.0,543.95
1363,0,0,0,0,1,0,69,21,102,120,2,17,25,1363,276.0,543.32
1364,0,0,0,0,1,0,69,21,102,120,2,17,25,1364,276.0,544.28
1365,0,0,0,0,1,0,69,21,102,120,2,17,25,1365,276.0,543.3
1366,0,0,0,0,1,0,69,21,102,120,2,17,25,1366,276.0,543.61
1367,0,0,0,0,1,0,69,21,102,120,2,17,25,1367,276.0,543.85
1368,0,0,0,0,1,0,69,21,102,120,2,17,25,1368,276.0,543.35
1369,0,0,0,0,1,0,69,21,102,120,2,17,25,1369,276.0,543.97
1370,0,0,0,0,1,0,69,21,102,120,2,17,25,1370,276.0,543.9
1371,0,0,0,0,1,0,69,21,102,120,2,17,25,1371,276.0,245.87
1372,0,0,0,0,1,0,69,21,102,120,2,17,25,1372,276.0,543.46
1373,0,0,0,0,1,0,69,21,102,120,2,17,25,1373,276.0,543.75
1374,0,0,0,0,1,0,69,21,102,120,2,17,25,1374,276.0,544.41
1375,0,0,0,0,1,0,69,21,102,120,2,17,25,1375,276.0,544.6
1376,0,0,0,0,1,0,69,21,102,120,2,17,25,1376,276.0,545.36
1377,0,0,0,0,1,0,69,21,102,120,2,17,25,1377,276.0,545.21
1378,0,0,0,0,1,0,69,21,102,120,2,17,25,1378,276.0,545.5
1379,0,0,0,0,1,0,69,21,102,120,2,17,25,1379,276.0,545.92
1380,0,0,0,0,1,0,69,21,102,120,2,17,25,1380,276.0,546.14
1381,0,0,0,0,1,0,69,21,102,120,2,17,25,1381,276.0,546.94
1382,0,0,0,0,1,0,69,21,102,120,2,17,25,1382,276.0,548.71
1383,0,0,0,0,1,0,69,21,102,120,2,17,25,1383,276.0,549.04
1384,0,0,0,0,1,0,69,21,102,120,2,17,25,1384,276.0,550.71
1385,0,0,0,0,1,0,69,21,102,120,2,17,25,1385,276.0,245.06
1386,0,0,0,0,1,0,69,21,102,120,2,17,25,1386,276.0,552.07
1387,0,0,0,0,1,0,69,21,102,120,2,17,25,1387,276.0,552.77
1388,0,0,0,0,1,0,69,21,102,120,2,17,25,1388,276.0,554.87
1389,0,0,0,0,1,0,69,21,102,120,2,17,25,1389,276.0,556.02
1390,0,0,0,0,1,0,69,21,102,120,2,17,25,1390,275.0,557.5
1391,0,0,0,0,1,0,69,21,102,120,2,17,25,1391,275.0,557.37
1392,0,0,0,0,1,0,69,21,102,120,2,17,25,1392,275.0,556.73
1393,0,0,0,0,1,0,69,21,102,120,2,17,25,1393,275.0,557.13
1394,0,0,0,0,1,0,69,21,102,120,2,17,25,1394,275.0,556.75
1395,0,0,0,0,1,0,69,21,102,120,2,17,25,1395,275.0,556.94
1396,0,0,0,0,1,0,69,21,102,120,2,17,25,1396,275.0,556.78
1397,0,0,0,0,1,0,69,21,102,120,2,17,25,1397,275.0,555.7
1398,0,0,0,0,1,0,69,21,102,120,2,17,25,1398,275.0,557.61
1399,0,0,0,0,1,0,69,21,102,120,2,17,25,1399,275.0,556.97
1400,0,0,0,0,1,0,69,21,102,120,2,17,25,1400,275.0,557.32
1401,0,0,0,0,1,0,69,21,102,120,2,17,25,1401,275.0,556.59
1402,0,0,0,0,1,0,69,21,102,120,2,17,25,1402,275.0,556.26
1403,0,0,0,0,1,0,69,21,102,120,2,17,25,1403,275.0,555.56
1404,0,0,0,0,1,0,69,21,102,120,2,17,25,1404,275.0,555.33
1405,0,0,0,0,1,0,69,21,102,120,2,17,25,1405,275.0,556.9
1406,0,0,0,0,1,0,69,21,102,120,2,17,25,1406,275.0,554.72
1407,0,0,0,0,1,0,69,21,102,120,2,17,25,1407,275.0,554.29
1408,0,0,0,0,1,0,69,21,102,120,2,17,25,1408,275.0,554.55
1409,0,0,0,0,1,0,69,21,102,120,2,17,25,1409,275.0,554.43
1410,0,0,0,0,1,0,69,21,102,120,2,17,25,1410,275.0,555.32
1411,0,0,0,0,1,0,69,21,102,120,2,17,25,1411,275.0,554.2
1412,0,0,0,0,1,0,69,21,102,120,2,17,25,1412,275.0,555.11
1413,0,0,0,0,1,0,69,21,102,120,2,17,25,1413,275.0,555.27
1414,0,0,0,0,1,0,69,21,102,120,2,17,25,1414,275.0,555.06
1415,0,0,0,0,1,0,69,21,102,120,2,17,25,1415,275.0,556.48
1416,0,0,0,0,1,0,69,21,102,120,2,17,25,1416,275.0,556.69
1417,0,0,0,0,1,0,69,21,102,120,2,17,25,1417,275.0,557.47
1418,0,0,0,0,1,0,69,21,102,120,2,17,25,1418,275.0,558.27
1419,0,0,0,0,1,0,69,21,102,120,2,17,25,1419,275.0,558.03
1420,0,0,0,0,1,0,69,21,102,120,2,17,25,1420,275.0,558.04
1421,0,0,0,0,1,0,69,21,102,120,2,17,25,1421,275.0,558.03
1422,0,0,0,0,1,0,69,21,102,120,2,17,25,1422,275.0,557.74
1423,0,0,0,0,1,0,69,21,102,120,2,17,25,1423,275.0,558.76
1424,0,0,0,0,1,0,69,21,102,120,2,17,25,1424,275.0,558.71
1425,0,0,0,0,1,0,69,21,102,120,2,17,25,1425,275.0,558.02
1426,0,0,0,0,1,0,69,21,102,120,2,17,25,1426,275.0,558.18
1427,0,0,0,0,1,0,69,21,102,120,2,17,25,1427,275.0,558.07
1428,0,0,0,0,1,0,69,21,102,120,2,17,25,1428,275.0,558.03
1429,0,0,0,0,1,0,69,21,102,120,2,17,25,1429,275.0,557.88
1430,0,0,0,0,1,0,69,21,102,120,2,17,25,1430,275.0,558.07
1431,0,0,0,0,1,0,69,21,102,120,2,17,25,1431,275.0,557.92
1432,0,0,0,0,1,0,69,21,102,120,2,17,25,1432,275.0,559.21
1433,0,0,0,0,1,0,69,21,102,120,2,17,25,1433,275.0,559.41
1434,0,0,0,0,1,0,69,21,102,120,2,17,25,1434,275.0,559.06
1435,0,0,0,0,1,0,69,21,102,120,2,17,25,1435,275.0,558.54
1436,0,0,0,0,1,0,69,21,102,120,2,17,25,1436,275.0,557.65
1437,0,0,0,0,1,0,69,21,102,120,2,17,25,1437,275.0,558.01
1438,0,0,0,0,1,0,69,21,102,120,2,17,25,1438,275.0,557.79
1439,0,0,0,0,1,0,69,21,102,120,2,17,25,1439,275.0,556.11
1440,0,0,0,0,1,0,69,21,102,120,2,17,25,1440,275.0,555.54
1441,0,0,0,0,1,0,69,21,102,120,2,17,25,1441,275.0,556.24
1442,0,0,0,0,1,0,69,21,102,120,2,17,25,1442,275.0,555.82
1443,0,0,0,0,1,0,69,21,102,120,2,17,25,1443,275.0,555.13
1444,0,0,0,0,1,0,69,21,102,120,2,17,25,1444,275.0,557.28
1445,0,0,0,0,1,0,69,21,102,120,2,17,25,1445,275.0,557.19
1446,0,0,0,0,1,0,69,21,102,120,2,17,25,1446,275.0,556.58
1447,0,0,0,0,1,0,69,21,102,120,2,17,25,1447,275.0,556.41
1448,0,0,0,0,1,0,69,21,102,120,2,17,25,1448,275.0,556.22
1449,0,0,0,0,1,0,69,21,102,120,2,17,25,1449,275.0,556.11
1450,0,0,0,0,1,0,69,21,102,120,2,17,25,1450,275.0,555.89
1451,0,0,0,0,1,0,69,21,102,120,2,17,25,1451,275.0,556.15
1452,0,0,0,0,1,0,69,21,102,120,2,17,25,1452,275.0,555.36
1453,0,0,0,0,1,0,69,21,102,120,2,17,25,1453,275.0,555.77
1454,0,0,0,0,1,0,69,21,102,120,2,17,25,1454,275.0,554.87
1455,0,0,0,0,1,0,69,21,102,120,2,17,25,1455,275.0,555.28
1456,0,0,0,0,1,0,69,21,102,120,2,17,25,1456,275.0,555.25
1457,0,0,0,0,1,0,69,21,102,120,2,17,25,1457,275.0,554.26
1458,0,0,0,0,1,0,69,21,102,120,2,17,25,1458,275.0,552.42
1459,0,0,0,0,1,0,69,21,102,120,2,17,25,1459,275.0,551.47
1460,0,0,0,0,1,0,69,21,102,120,2,17,25,1460,275.0,551.89
1461,0,0,0,0,1,0,69,21,102,120,2,17,25,1461,275.0,551.1
1462,0,0,0,0,1,0,69,21,102,120,2,17,25,1462,275.0,550.97
1463,0,0,0,0,1,0,69,21,102,120,2,17,25,1463,275.0,549.81
1464,0,0,0,0,1,0,69,21,102,120,2,17,25,1464,275.0,549.01
1465,0,0,0,0,1,0,69,21,102,120,2,17,25,1465,275.0,547.39
1466,0,0,0,0,1,0,69,21,102,120,2,17,25,1466,275.0,546.83
1467,0,0,0,0,1,0,69,21,102,120,2,17,25,1467,275.0,546.09
1468,0,0,0,0,1,0,69,21,102,120,2,17,25,1468,275.0,546.22
1469,0,0,0,0,1,0,69,21,102,120,2,17,25,1469,275.0,544.95
1470,0,0,0,0,1,0,69,21,102,120,2,17,25,1470,275.0,542.7
1471,0,0,0,0,1,0,69,21,102,120,2,17,25,1471,275.0,541.11
1472,0,0,0,0,1,0,69,21,102,120,2,17,25,1472,275.0,540.72
1473,0,0,0,0,1,0,69,21,102,120,2,17,25,1473,275.0,539.94
1474,0,0,0,0,1,0,69,21,102,120,2,17,25,1474,275.0,539.18
1475,0,0,0,0,1,0,69,21,102,120,2,17,25,1475,275.0,539.21
1476,0,0,0,0,1,0,69,21,102,120,2,17,25,1476,275.0,538.67
1477,0,0,0,0,1,0,69,21,102,120,2,17,25,1477,275.0,537.07
1478,0,0,0,0,1,0,69,21,102,120,2,17,25,1478,275.0,535.2
1479,0,0,0,0,1,0,69,21,102,120,2,17,25,1479,275.0,533.82
1480,0,0,0,0,1,0,69,21,102,120,2,17,25,1480,275.0,533.62
1481,0,0,0,0,1,0,69,21,102,120,2,17,25,1481,275.0,533.98
1482,0,0,0,0,1,0,69,21,102,120,2,17,25,1482,275.0,534.44
1483,0,0,0,0,1,0,69,21,102,120,2,17,25,1483,275.0,534.53
1484,0,0,0,0,1,0,69,21,102,120,2,17,25,1484,275.0,533.45
1485,0,0,0,0,1,0,69,21,102,120,2,17,25,1485,275.0,529.17
1486,0,0,0,0,1,0,69,21,102,120,2,17,25,1486,275.0,526.9
1487,0,0,0,0,1,0,69,21,102,120,2,17,25,1487,275.0,526.44
1488,0,0,0,0,1,0,69,21,102,120,2,17,25,1488,275.0,526.15
1489,0,0,0,0,1,0,69,21,102,120,2,17,25,1489,275.0,524.72
1490,0,0,0,0,1,0,69,21,102,120,2,17,25,1490,275.0,522.47
1491,0,0,0,0,1,0,69,21,102,120,2,17,25,1491,275.0,520.74
1492,0,0,0,0,1,0,69,21,102,120,2,17,25,1492,275.0,516.21
1493,0,0,0,0,1,0,69,21,102,120,2,17,25,1493,275.0,515.99
1494,0,0,0,0,1,0,69,21,102,120,2,17,25,1494,275.0,515.47
1495,0,0,0,0,1,0,69,21,102,120,2,17,25,1495,275.0,514.49
1496,0,0,0,0,1,0,69,21,102,120,2,17,25,1496,275.0,237.92
1497,0,0,0,0,1,0,69,21,102,120,2,17,25,1497,275.0,512.77
1498,0,0,0,0,1,0,69,21,102,120,2,17,25,1498,275.0,511.43
1499,0,0,0,0,1,0,69,21,102,120,2,17,25,1499,275.0,510.54
1500,0,0,0,0,1,0,69,21,102,120,2,17,25,1500,275.0,511.15
1501,0,0,0,0,1,0,69,21,102,120,2,17,25,1501,275.0,510.54
1502,0,0,0,0,1,0,69,21,102,120,2,17,25,1502,275.0,509.48
1503,0,0,0,0,1,0,69,21,102,120,2,17,25,1503,275.0,508.8
1504,0,0,0,0,1,0,69,21,102,120,2,17,25,1504,275.0,507.92
1505,0,0,0,0,1,0,69,21,102,120,2,17,25,1505,275.0,507.15
1506,0,0,0,0,1,0,69,21,102,120,2,17,25,1506,275.0,505.9
1507,0,0,0,0,1,0,69,21,102,120,2,17,25,1507,275.0,505.88
1508,0,0,0,0,1,0,69,21,102,120,2,17,25,1508,275.0,504.9
1509,0,0,0,0,1,0,69,21,102,120,2,17,25,1509,275.0,505.91
1510,0,0,0,0,1,0,69,21,102,120,2,17,25,1510,275.0,505.58
1511,0,0,0,0,1,0,69,21,102,120,2,17,25,1511,275.0,504.03
1512,0,0,0,0,1,0,69,21,102,120,2,17,25,1512,275.0,502.64
1513,0,0,0,0,1,0,69,21,102,120,2,17,25,1513,275.0,502.12
1514,0,0,0,0,1,0,69,21,102,120,2,17,25,1514,275.0,501.47
1515,0,0,0,0,1,0,69,21,102,120,2,17,25,1515,275.0,499.85
1516,0,0,0,0,1,0,69,21,102,120,2,17,25,1516,275.0,499.75
1517,0,0,0,0,1,0,69,21,102,120,2,17,25,1517,275.0,499.17
1518,0,0,0,0,1,0,69,21,102,120,2,17,25,1518,275.0,498.97
1519,0,0,0,0,1,0,69,21,102,120,2,17,25,1519,275.0,497.34
1520,0,0,0,0,1,0,69,21,102,120,2,17,25,1520,275.0,496.42
1521,0,0,0,0,1,0,69,21,102,120,2,17,25,1521,275.0,495.04
1522,0,0,0,0,1,0,69,21,102,120,2,17,25,1522,275.0,493.65
1523,0,0,0,0,1,0,69,21,102,120,2,17,25,1523,275.0,493.21
1524,0,0,0,0,1,0,69,21,102,120,2,17,25,1524,275.0,491.87
1525,0,0,0,0,1,0,69,21,102,120,2,17,25,1525,275.0,491.61
1526,0,0,0,0,1,0,69,21,102,120,2,17,25,1526,275.0,491.85
1527,0,0,0,0,1,0,69,21,102,120,2,17,25,1527,275.0,491.36
1528,0,0,0,0,1,0,69,21,102,120,2,17,25,1528,275.0,491.84
1529,0,0,0,0,1,0,69,21,102,120,2,17,25,1529,275.0,491.34
1530,0,0,0,0,1,0,69,21,102,120,2,17,25,1530,275.0,490.36
1531,0,0,0,0,1,0,69,21,102,120,2,17,25,1531,275.0,486.92
1532,0,0,0,0,1,0,69,21,102,120,2,17,25,1532,275.0,481.57
1533,0,0,0,0,1,0,69,21,102,120,2,17,25,1533,275.0,481.55
1534,0,0,0,0,1,0,69,21,102,120,2,17,25,1534,275.0,478.94
1535,0,0,0,0,1,0,69,21,102,120,2,17,25,1535,275.0,478.52
1536,0,0,0,0,1,0,69,21,102,120,2,17,25,1536,275.0,477.93
1537,0,0,0,0,1,0,69,21,102,120,2,17,25,1537,275.0,476.79
1538,0,0,0,0,1,0,69,21,102,120,2,17,25,1538,275.0,476.94
1539,0,0,0,0,1,0,69,21,102,120,2,17,25,1539,275.0,476.91
1540,0,0,0,0,1,0,69,21,102,120,2,17,25,1540,275.0,480.06
1541,0,0,0,0,1,0,69,21,102,120,2,17,25,1541,275.0,478.31
1542,0,0,0,0,1,0,69,21,102,120,2,17,25,1542,275.0,480.52
1543,0,0,0,0,1,0,69,21,102,120,2,17,25,1543,275.0,480.18
1544,0,0,0,0,1,0,69,21,102,120,2,17,25,1544,275.0,262.36
1545,0,0,0,0,1,0,69,21,102,120,2,17,25,1545,275.0,262.54
1546,0,0,0,0,1,0,69,21,102,120,2,17,25,1546,275.0,263.28
1547,0,0,0,0,1,0,69,21,102,120,2,17,25,1547,275.0,263.01
1548,0,0,0,0,1,0,69,21,102,120,2,17,25,1548,275.0,261.54
1549,0,0,0,0,1,0,69,21,102,120,2,17,25,1549,275.0,260.88
1550,0,0,0,0,1,0,69,21,102,120,2,17,25,1550,275.0,258.43
1551,0,0,0,0,1,0,69,21,102,120,2,17,25,1551,275.0,258.92
1552,0,0,0,0,1,0,69,21,102,120,2,17,25,1552,275.0,259.7
1553,0,0,0,0,1,0,69,21,102,120,2,17,25,1553,275.0,259.89
1554,0,0,0,0,1,0,69,21,102,120,2,17,25,1554,275.0,261.1
1555,0,0,0,0,1,0,69,21,102,120,2,17,25,1555,275.0,261.72
1556,0,0,0,0,1,0,69,21,102,120,2,17,25,1556,275.0,260.26
1557,0,0,0,0,1,0,69,21,102,120,2,17,25,1557,275.0,260.2
1558,0,0,0,0,1,0,69,21,102,120,2,17,25,1558,275.0,259.86
1559,0,0,0,0,1,0,69,21,102,120,2,17,25,1559,275.0,11.15
1560,0,0,0,0,1,0,69,21,102,120,2,17,25,1560,275.0,260.71
1561,0,0,0,0,1,0,69,21,102,120,2,17,25,1561,275.0,259.44
1562,0,0,0,0,1,0,69,21,102,120,2,17,25,1562,275.0,258.66
1563,0,0,0,0,1,0,69,21,102,120,2,17,25,1563,275.0,258.17
1564,0,0,0,0,1,0,69,21,102,120,2,17,25,1564,275.0,257.19
1565,0,0,0,0,1,0,69,21,102,120,2,17,25,1565,275.0,256.87
1566,0,0,0,0,1,0,69,21,102,120,2,17,25,1566,275.0,257.27
1567,0,0,0,0,1,0,69,21,102,120,2,17,25,1567,275.0,257.49
1568,0,0,0,0,1,0,69,21,102,120,2,17,25,1568,275.0,257.29
1569,0,0,0,0,1,0,69,21,102,120,2,17,25,1569,275.0,257.02
1570,0,0,0,0,1,0,69,21,102,120,2,17,25,1570,275.0,256.04
1571,0,0,0,0,1,0,69,21,102,120,2,17,25,1571,275.0,255.02
1572,0,0,0,0,1,0,69,21,102,120,2,17,25,1572,275.0,253.53
1573,0,0,0,0,1,0,69,21,102,120,2,17,25,1573,275.0,10.9
1574,0,0,0,0,1,0,69,21,102,120,2,17,25,1574,275.0,252.72
1575,0,0,0,0,1,0,69,21,102,120,2,17,25,1575,275.0,252.59
1576,0,0,0,0,1,0,69,21,102,120,2,17,25,1576,275.0,252.74
1577,0,0,0,0,1,0,69,21,102,120,2,17,25,1577,275.0,251.73
1578,0,0,0,0,1,0,69,21,102,120,2,17,25,1578,275.0,251.41
1579,0,0,0,0,1,0,69,21,102,120,2,17,25,1579,275.0,251.27
1580,0,0,0,0,1,0,69,21,102,120,2,17,25,1580,275.0,250.9
1581,0,0,0,0,1,0,69,21,102,120,2,17,25,1581,275.0,251.08
1582,0,0,0,0,1,0,69,21,102,120,2,17,25,1582,275.0,250.77
1583,0,0,0,0,1,0,69,21,102,120,2,17,25,1583,275.0,251.36
1584,0,0,0,0,1,0,69,21,102,120,2,17,25,1584,275.0,250.53
1585,0,0,0,0,1,0,69,21,102,120,2,17,25,1585,275.0,250.17
1586,0,0,0,0,1,0,69,21,102,120,2,17,25,1586,275.0,249.46
1587,0,0,0,0,1,0,69,21,102,120,2,17,25,1587,275.0,249.19
1588,0,0,0,0,1,0,69,21,102,120,2,17,25,1588,275.0,249.17
1589,0,0,0,0,1,0,69,21,102,120,2,17,25,1589,275.0,249.04
1590,0,0,0,0,1,0,69,21,102,120,2,17,25,1590,275.0,247.25
1591,0,0,0,0,1,0,69,21,102,120,2,17,25,1591,275.0,246.71
1592,0,0,0,0,1,0,69,21,102,120,2,17,25,1592,275.0,246.57
1593,0,0,0,0,1,0,69,21,102,120,2,17,25,1593,275.0,246.72
1594,0,0,0,0,1,0,69,21,102,120,2,17,25,1594,275.0,246.35
1595,0,0,0,0,1,0,69,21,102,120,2,17,25,1595,275.0,247.07
1596,0,0,0,0,1,0,69,21,102,120,2,17,25,1596,275.0,247.19
1597,0,0,0,0,1,0,69,21,102,120,2,17,25,1597,275.0,248.43
1598,0,0,0,0,1,0,69,21,102,120,2,17,25,1598,275.0,247.13
1599,0,0,0,0,1,0,69,21,102,120,2,17,25,1599,275.0,246.67
1600,0,0,0,0,1,0,69,21,102,120,2,17,25,1600,275.0,247.12
1601,0,0,0,0,1,0,69,21,102,120,2,17,25,1601,275.0,246.6
1602,0,0,0,0,1,0,69,21,102,120,2,17,25,1602,275.0,246.78
1603,0,0,0,0,1,0,69,21,102,120,2,17,25,1603,275.0,246.87
1604,0,0,0,0,1,0,69,21,102,120,2,17,25,1604,275.0,246.84
1605,0,0,0,0,1,0,69,21,102,120,2,17,25,1605,275.0,453.66
1606,0,0,0,0,1,0,69,21,102,120,2,17,25,1606,275.0,453.27
1607,0,0,0,0,1,0,69,21,102,120,2,17,25,1607,275.0,452.74
1608,0,0,0,0,1,0,69,21,102,120,2,17,25,1608,275.0,452.4
1609,0,0,0,0,1,0,69,21,102,120,2,17,25,1609,275.0,452.69
1610,0,0,0,0,1,0,69,21,102,120,2,17,25,1610,275.0,451.58
1611,0,0,0,0,1,0,69,21,102,120,2,17,25,1611,275.0,451.36
1612,0,0,0,0,1,0,69,21,102,120,2,17,25,1612,275.0,449.16
1613,0,0,0,0,1,0,69,21,102,120,2,17,25,1613,275.0,448.24
1614,0,0,0,0,1,0,69,21,102,120,2,17,25,1614,275.0,447.5
1615,0,0,0,0,1,0,69,21,102,120,2,17,25,1615,275.0,446.94
1616,0,0,0,0,1,0,69,21,102,120,2,17,25,1616,275.0,445.19
1617,0,0,0,0,1,0,69,21,102,120,2,17,25,1617,275.0,445.53
1618,0,0,0,0,1,0,69,21,102,120,2,17,25,1618,275.0,445.39
1619,0,0,0,0,1,0,69,21,102,120,2,17,25,1619,275.0,443.81
1620,0,0,0,0,1,0,69,21,102,120,2,17,25,1620,275.0,443.09
1621,0,0,0,0,1,0,69,21,102,120,2,17,25,1621,275.0,441.86
1622,0,0,0,0,1,0,69,21,102,120,2,17,25,1622,275.0,438.66
1623,0,0,0,0,1,0,69,21,102,120,2,17,25,1623,275.0,438.36
1624,0,0,0,0,1,0,69,21,102,120,2,17,25,1624,275.0,438.49
1625,0,0,0,0,1,0,69,21,102,120,2,17,25,1625,275.0,437.92
1626,0,0,0,0,1,0,69,21,102,120,2,17,25,1626,275.0,436.67
1627,0,0,0,0,1,0,69,21,102,120,2,17,25,1627,275.0,436.65
1628,0,0,0,0,1,0,69,21,102,120,2,17,25,1628,275.0,436.73
1629,0,0,0,0,1,0,69,21,102,120,2,17,25,1629,275.0,437.17
1630,0,0,0,0,1,0,69,21,102,120,2,17,25,1630,275.0,436.1
1631,0,0,0,0,1,0,69,21,102,120,2,17,25,1631,275.0,436.81
1632,0,0,0,0,1,0,69,21,102,120,2,17,25,1632,275.0,436.51
1633,0,0,0,0,1,0,69,21,102,120,2,17,25,1633,275.0,436.33
1634,0,0,0,0,1,0,69,21,102,120,2,17,25,1634,275.0,436.51
1635,0,0,0,0,1,0,69,21,102,120,2,17,25,1635,275.0,435.63
1636,0,0,0,0,1,0,69,21,102,120,2,17,25,1636,275.0,434.85
1637,0,0,0,0,1,0,69,21,102,120,2,17,25,1637,275.0,434.55
1638,0,0,0,0,1,0,69,21,102,120,2,17,25,1638,275.0,433.15
1639,0,0,0,0,1,0,69,21,102,120,2,17,25,1639,275.0,429.37
1640,0,0,0,0,1,0,69,21,102,120,2,17,25,1640,275.0,429.42
1641,0,0,0,0,1,0,69,21,102,120,2,17,25,1641,275.0,428.83
1642,0,0,0,0,1,0,69,21,102,120,2,17,25,1642,275.0,428.37
1643,0,0,0,0,1,0,69,21,102,120,2,17,25,1643,275.0,428.41
1644,0,0,0,0,1,0,69,21,102,120,2,17,25,1644,275.0,428.5
1645,0,0,0,0,1,0,69,21,102,120,2,17,25,1645,275.0,429.05
1646,0,0,0,0,1,0,69,21,102,120,2,17,25,1646,275.0,430.74
1647,0,0,0,0,1,0,69,21,102,120,2,17,25,1647,275.0,431.24
1648,0,0,0,0,1,0,69,21,102,120,2,17,25,1648,275.0,431.74
1649,0,0,0,0,1,0,69,21,102,120,2,17,25,1649,275.0,430.79
1650,0,0,0,0,1,0,69,21,102,120,2,17,25,1650,275.0,429.65
1651,0,0,0,0,1,0,69,21,102,120,2,17,25,1651,275.0,430.42
1652,0,0,0,0,1,0,69,21,102,120,2,17,25,1652,275.0,431.88
1653,0,0,0,0,1,0,69,21,102,120,2,17,25,1653,275.0,433.75
1654,0,0,0,0,1,0,69,21,102,120,2,17,25,1654,275.0,433.48
1655,0,0,0,0,1,0,69,21,102,120,2,17,25,1655,275.0,433.47
1656,0,0,0,0,1,0,69,21,102,120,2,17,25,1656,275.0,432.57
1657,0,0,0,0,1,0,69,21,102,120,2,17,25,1657,275.0,432.01
1658,0,0,0,0,1,0,69,21,102,120,2,17,25,1658,275.0,432.37
1659,0,0,0,0,1,0,69,21,102,120,2,17,25,1659,275.0,431.05
